Title,Date,Category,Income/Expense,Amount
"Internet Banking E-TRANSFER 103937244055 Nil",02/17/2002,Food,Income,8320.10
"Point of Sale - Visa Debit VISA DEBIT RETAIL PURCHASE U OF M REGISTRA 114222247236",07/19/2000,Accommodation,Expense,1723.96
"Point of Sale - Visa Debit VISA DEBIT RETAIL PURCHASE PAYPAL *ASEELSA 130519882534",09/22/2009,Personal,Expense,7023.05
"Point of Sale - INTERAC RETAIL PURCHASE 000001001184 UNICITY TAXI #",09/05/2006,Personal,Income,2789.74
"Point of Sale - INTERAC RETAIL PURCHASE 000001541047 SOBEYS #5037",11/01/2000,Health,Expense,9873.68
"Point of Sale - Visa Debit VISA DEBIT RETAIL PURCHASE AMZN Mktp CA 120843570813",06/29/2015,Food,Income,4119.33
"DOORDASH*MCDONALDS DOWNTOWN TORO, ON",05/15/2008,Utilities,Income,8984.59
"LaunchGood Inc. 855-9991947, MI 10.00 USD @ 1.289000",03/27/2012,Utilities,Expense,6213.50
"Point of Sale - Visa Debit VISA DEBIT RETAIL PURCHASE AMZN Mktp CA 116343132120",05/14/2009,Utilities,Income,3292.65
"Internet Banking ",07/11/2016,Food,Expense,7975.08
"AMZN Mktp CA*2R9IA3ZW2 WWW.AMAZON.CA, ON",08/19/2015,Food,Income,2649.73
"Point of Sale - Visa Debit VISA DEBIT RETAIL PURCHASE CINEPLEX #8030 128507513608",11/12/2019,Food,Income,694.90
"Point of Sale - Visa Debit VISA DEBIT RETAIL PURCHASE SKIPTHEDISHES 115521642780",09/21/2004,Accommodation,Income,2431.00
"TIM HORTONS #8152 WINNIPEG MB",05/16/2017,Utilities,Income,224.92
"PAYPAL *IGLOOB16 4029357733, ON",05/02/2009,Utilities,Expense,4785.91
"Point of Sale - INTERAC RETAIL PURCHASE 000001280019 ULTRACUTS STORE",10/24/2016,Personal,Income,4099.95
"Internet Banking INTERNET TRANSFER 000000259703",11/29/2015,Personal,Income,9593.18
"UBER CANADA/UBERTRIP TORONTO, ON",03/20/2019,Entertainment,Income,29.69
"Point of Sale - Visa Debit VISA DEBIT RETAIL PURCHASE DD 129521971315",10/13/2015,Accommodation,Income,1549.52
"Point of Sale - Visa Debit VISA DEBIT RETAIL PURCHASE INSTACART 128319713380",03/27/2020,Accommodation,Income,8591.75
"Point of Sale - Visa Debit VISA DEBIT RETAIL PURCHASE APPLE.COM/BILL 100574173390",07/01/2000,Entertainment,Expense,7237.93
"PAYPAL *ASEELSAFI14 4029357733, ON",10/17/2003,Health,Income,8333.51
"Point of Sale - INTERAC RETAIL PURCHASE 000036006148 PEARLE VISION 5",07/19/2014,Health,Expense,8154.56
"Branch Transaction SERVICE CHARGE DISCOUNT",02/20/2007,Accommodation,Expense,7424.07
"Point of Sale - Visa Debit VISA DEBIT RETAIL PURCHASE PAYPAL *RAGHDA 115221381293",04/03/2008,Health,Expense,9884.55
"Point of Sale - INTERAC RETAIL PURCHASE 000001001456 LONDON DRUGS 66",08/12/2019,Personal,Income,6847.20
"Point of Sale - Visa Debit VISA DEBIT RETAIL PURCHASE SKIPTHEDISHES 120220289489",03/08/2014,Health,Income,1372.98
"Point of Sale - Visa Debit VISA DEBIT RETAIL PURCHASE DD 129817307906",08/25/2020,Health,Income,7748.62
"Internet Banking INTERNET TRANSFER 000000233795",07/03/2007,Health,Expense,5257.04
"Crocs Canada, Inc. crocs.ca, ON",11/29/2014,Entertainment,Income,6150.07
"Point of Sale - Visa Debit INTL VISA DEB RETAIL PURCHASE UBR* PENDING.UB 115806783478 15.41 CAD @ 1.000000",11/13/2018,Accommodation,Income,491.38
"Point of Sale - Visa Debit VISA DEBIT RETAIL PURCHASE SKIPTHEDISHES 119300358087",04/18/2012,Personal,Expense,7064.65
"Point of Sale - Visa Debit VISA DEBIT RETAIL PURCHASE INSTACART 112601145020",04/06/2015,Food,Income,1930.06
"Branch Transaction WITHDRAWAL IBB FORT RICHMOND SQ BANKING CENTR",02/10/2006,Utilities,Expense,3808.28
"Internet Banking INTERNET TRANSFER 000000242642",09/13/2004,Accommodation,Income,4748.41
"Internet Banking INTERNET TRANSFER 000000280436",08/02/2007,Food,Income,6421.81
"STARBUCKS COFFEE #48192 WINNIPEG, MB",09/06/2006,Food,Income,460.48
"Internet Banking INTERNET TRANSFER 000000218634",01/30/2005,Personal,Income,5393.39
"Point of Sale - Visa Debit VISA DEBIT RETAIL PURCHASE SKIPTHEDISHES 114421482951",10/28/2013,Personal,Expense,9724.57
"Point of Sale - Visa Debit VISA DEBIT RETAIL PURCHASE APPLE.COM/BILL 115764263401",09/08/2003,Health,Income,2226.07
"Point of Sale - Visa Debit INTL VISA DEB RETAIL PURCHASE UBR* PENDING.UB 114720786149 22.39 CAD @ 1.000000",09/27/2013,Entertainment,Expense,290.97
"Internet Banking INTERNET TRANSFER 000000259703",09/09/2007,Health,Expense,5111.99
"Point of Sale - Visa Debit VISA DEBIT RETAIL PURCHASE PAYPAL *ABBYMAR 114420760500",06/08/2017,Utilities,Income,5953.76
"Point of Sale - Visa Debit VISA DEBIT RETAIL PURCHASE APPLE.COM/BILL 115135455508",03/25/2001,Health,Income,3779.17
"Internet Banking INTERNET TRANSFER 000000287755",06/19/2005,Entertainment,Expense,977.92
"Internet Banking E-TRANSFER 103851939670 Divagar",02/11/2015,Personal,Expense,9290.38
"Point of Sale - Visa Debit VISA DEBIT RETAIL PURCHASE INSTACART 124323231129",11/27/2017,Accommodation,Income,426.25
"Point of Sale - Visa Debit VISA DEBIT RETAIL PURCHASE DD 129721552614",08/06/2011,Utilities,Income,763.59
"Point of Sale - Visa Debit VISA DEBIT RETAIL PURCHASE APPLE.COM/BILL 128574487262",05/23/2007,Health,Expense,7802.16
"UBER CANADA/UBERTRIP TORONTO ON",03/01/2009,Accommodation,Expense,5107.20
"Point of Sale - INTERAC RETAIL PURCHASE 000001143004 UPS STORE #189",02/18/2017,Personal,Expense,3835.83
"Internet Banking INTERNET TRANSFER 000000224660",06/24/2017,Entertainment,Expense,9799.73
"Point of Sale - Visa Debit VISA DEBIT RETAIL PURCHASE DD 129220611555",11/11/2013,Utilities,Income,4260.74
"DOORDASH*7-ELEVEN DOWNTOWN TORO, ON",07/16/2005,Entertainment,Income,9660.58
"Point of Sale - INTERAC RETAIL PURCHASE 730001001074 7 ELEVEN STORE",09/17/2013,Health,Expense,6394.13
"Point of Sale - Visa Debit VISA DEBIT RETAIL PURCHASE WU *8982929769 120773525764",11/18/2003,Accommodation,Income,8918.37
"AMZN Mktp CA*2L93I8MI2 WWW.AMAZON.CA, ON",10/03/2011,Personal,Expense,876.22
"Internet Banking INTERNET TRANSFER 000000260690",02/13/2020,Entertainment,Expense,4094.35
"AMZ*Amazon.ca WWW.AMAZON.CA, ON",05/21/2004,Accommodation,Expense,7304.02
"Point of Sale - INTERAC RETAIL PURCHASE 772001001002 7 ELEVEN STORE",02/23/2012,Entertainment,Income,347.27
"Point of Sale - INTERAC RETAIL PURCHASE 000001001173 DOLLARAMA #1286",05/17/2012,Accommodation,Income,9449.18
"Internet Banking E-TRANSFER 103907720458 Nil",05/07/2004,Utilities,Expense,9382.21
"Point of Sale - INTERAC RETAIL PURCHASE 852001001138 7 ELEVEN STORE",05/19/2000,Health,Income,991.26
"Point of Sale - Visa Debit INTL VISA DEB RETAIL PURCHASE INSTACART 129013886157 113.55 CAD @ 1.000000",03/06/2020,Entertainment,Expense,4545.63
"VIMEO.COM 646-470-8422, NY 10.00 USD @ 1.312000",02/07/2014,Food,Income,7726.04
"Point of Sale - Visa Debit INT VISA DEB PURCHASE REVERSAL INSTACART 128319713380 75.00 CAD @ 1.000000",11/10/2017,Food,Expense,4296.01
"Point of Sale - Visa Debit INT VISA DEB PURCHASE REVERSAL INSTACART 125122740760 60.00 CAD @ 1.000000",06/11/2009,Food,Income,6560.57
"DOORDASH*RED LOBSTER DOWNTOWN TOROON",10/29/2001,Entertainment,Expense,4683.08
"Point of Sale - Visa Debit INTL VISA DEB RETAIL PURCHASE INSTACART 129222472965 28.03 CAD @ 1.000000",04/16/2010,Personal,Expense,1100.98
"SOBEYS #5037 WINNIPEG MB",06/01/2013,Entertainment,Expense,9597.52
"Point of Sale - Visa Debit VISA DEBIT RETAIL PURCHASE AMZN Mktp CA 116343132120",09/15/2016,Food,Income,6583.28
"Point of Sale - Visa Debit VISA DEBIT RETAIL PURCHASE PP*6750CODE 112910330964",11/07/2006,Food,Income,5137.12
"Point of Sale - Visa Debit VISA DEBIT RETAIL PURCHASE AMZN Mktp CA 120843570813",06/07/2001,Entertainment,Income,2879.56
"Point of Sale - Visa Debit VISA DEBIT RETAIL PURCHASE APPLE.COM/BILL 115764263401",06/29/2005,Entertainment,Expense,5677.85
"Point of Sale - Visa Debit VISA DEBIT RETAIL PURCHASE APPLE.COM/BILL 115764263401",04/04/2010,Health,Expense,3779.91
"UOFMANITOBA-BOOKSTORE WINNIPEG, MB",10/19/2017,Food,Expense,2037.99
"Internet Banking INTERNET TRANSFER 000000280436",07/10/2003,Utilities,Expense,6701.31
"Point of Sale - Visa Debit VISA DEBIT RETAIL PURCHASE WU *8980740778 125372611826",11/22/2009,Entertainment,Expense,3791.85
"Point of Sale - Visa Debit VISA DEBIT RETAIL PURCHASE AMZN Mktp CA 116343132146",11/12/2006,Utilities,Expense,4161.88
"Point of Sale - Visa Debit VISA DEBIT RETAIL PURCHASE APPLE.COM/CA 114661843188",07/03/2019,Entertainment,Income,6637.05
"Point of Sale - Visa Debit INTL VISA DEB RETAIL PURCHASE INSTACART 125122740760 49.63 CAD @ 1.000000",09/23/2003,Accommodation,Income,9971.22
"Point of Sale - Visa Debit VISA DEBIT PURCHASE REVERSAL INSTACART 112517341247",09/03/2017,Health,Income,7775.51
"Point of Sale - Visa Debit INT VISA DEB PURCHASE REVERSAL INSTACART 124323231129 140.00 CAD @ 1.000000",04/15/2014,Entertainment,Expense,2076.42
"Internet Banking E-TRANSFER 103927439111 Nil",10/30/2006,Personal,Expense,2188.22
"SKECHERS USA CANADA 833-846-5891, ON",10/18/2014,Food,Expense,7647.13
"Point of Sale - Visa Debit INT VISA DEB PURCHASE REVERSAL PIZZA PIZZA LTD 125320842485 30.16 CAD @ 1.000000",09/13/2001,Food,Income,605.72
"Sony Interactive Enter 8003457669 CA",10/05/2018,Health,Expense,3556.95
"Internet Banking INTERNET TRANSFER 000000240361",04/01/2020,Food,Expense,22.71
"Crocs Canada, Inc. crocs.ca, ON",11/18/2016,Accommodation,Expense,7918.82
"Internet Banking INTERNET TRANSFER 000000274886",06/15/2008,Utilities,Income,6215.79
"Point of Sale - INTERAC RETAIL PURCHASE 000001280019 ULTRACUTS STORE",09/19/2007,Utilities,Income,4632.32
"Internet Banking INTERNET TRANSFER 000000235999",01/24/2010,Personal,Expense,3881.34
"DOORDASH*WAKO SUSHI CA DOWNTOWN TORO, ON",11/03/2008,Personal,Income,1354.89
"MARBLE SLAB CREAMERY WINNIPEG, MB",01/16/2017,Health,Expense,4639.79
"Internet Banking INTERNET TRANSFER 000000280173",06/04/2001,Health,Income,3234.23
"Internet Banking INTERNET TRANSFER 000000220619",09/19/2017,Food,Expense,917.57
"Internet Banking INTERNET TRANSFER 000000237749",11/16/2007,Health,Expense,9961.97
"AMZN Mktp CA*2L1RK2AP0 WWW.AMAZON.CA, ON",03/22/2006,Food,Income,1256.40
"Point of Sale - Visa Debit VISA DEBIT RETAIL PURCHASE DD 128120074581",11/17/2013,Personal,Income,7414.99
"APPLE.COM/BILL TORONTO, ON",06/11/2019,Personal,Income,296.04
"Internet Banking E-TRANSFER 103931951869 Nil",11/25/2013,Health,Income,934.70
"Internet Banking E-TRANSFER 103851939670 Divagar",10/05/2009,Accommodation,Expense,5467.94
"Point of Sale - Visa Debit VISA DEBIT RETAIL PURCHASE AMZN Mktp CA 116343132146",03/22/2009,Personal,Income,7126.48
"Point of Sale - INTERAC RETAIL PURCHASE 000653170804 ST VITAL VISION",09/21/2011,Utilities,Income,3918.61
"Internet Banking INTERNET TRANSFER 000000220619",08/21/2001,Entertainment,Income,2784.15
"Point of Sale - Visa Debit VISA DEBIT RETAIL PURCHASE DD 129721552614",02/19/2018,Accommodation,Expense,4362.07
"Internet Banking INTERNET TRANSFER 000000262105",10/17/2001,Food,Income,8855.76
"Internet Banking INTERNET TRANSFER 000000246317",01/21/2009,Accommodation,Income,3305.62
"Internet Banking INTERNET TRANSFER 000000288020",06/16/2009,Entertainment,Expense,1993.02
"Internet Banking E-TRANSFER 103933806689 Cs Tutoring",04/08/2012,Health,Income,4347.69
"CASH ADVANCE/AVANCE DE FO NDS",03/10/2015,Health,Expense,8105.82
"SHOPPING WITH POINTS/ACHA T PAR POINTS",01/21/2007,Health,Expense,6348.29
"Internet Banking INTERNET DOM TRANSFER 103807220198",01/03/2004,Accommodation,Income,7882.84
"Internet Banking INTERNET BILL PAY 000000211857 MASTERCARD, BMO",03/08/2019,Food,Income,4845.06
"Point of Sale - INTERAC RETAIL PURCHASE 857001001125 7 ELEVEN STORE",04/21/2006,Accommodation,Income,1267.90
"Internet Banking INTERNET TRANSFER 000000275767",10/07/2012,Entertainment,Expense,3195.80
"Point of Sale - Visa Debit VISA DEBIT RETAIL PURCHASE AMZN Mktp CA 114242229059",01/15/2008,Health,Income,1285.44
"Point of Sale - Visa Debit VISA DEBIT RETAIL PURCHASE APPLE.COM/BILL 115135455508",06/09/2005,Utilities,Expense,3474.93
"Point of Sale - Visa Debit VISA DEBIT PURCHASE REVERSAL APPLE.COM/CA 215807003249",01/07/2016,Entertainment,Expense,9367.28
"Internet Banking INTERNET TRANSFER 000000242922",06/15/2009,Personal,Income,1480.54
"Point of Sale - Visa Debit VISA DEBIT RETAIL PURCHASE dbrand Order 033515540976",01/19/2010,Accommodation,Expense,4235.98
"Point of Sale - Visa Debit INTL VISA DEB RETAIL PURCHASE SOUQ 033517331671 424.50 EGP @ 0.085606",11/18/2019,Entertainment,Income,5737.31
"Internet Banking INTERNET TRANSFER 000000285225",06/02/2015,Entertainment,Income,8411.95
"AMZN Mktp CA*2C4GU87A1 WWW.AMAZON.CAON",01/05/2012,Entertainment,Expense,8472.66
"MARBLE SLAB CREAMERY WINNIPEG, MB",01/12/2001,Accommodation,Income,3015.50
"Point of Sale - Visa Debit VISA DEBIT RETAIL PURCHASE SKIPTHEDISHES 128320347743",04/16/2006,Food,Expense,4564.57
"Internet Banking E-TRANSFER 103908455504 ROBERTO DINGAL ORTEGA",04/10/2008,Accommodation,Income,4575.92
"Point of Sale - Visa Debit VISA DEBIT RETAIL PURCHASE INSTACART 112601145020",08/07/2001,Accommodation,Income,5570.28
"Point of Sale - Visa Debit VISA DEBIT RETAIL PURCHASE INSTACART 128319713380",01/22/2009,Utilities,Income,9946.11
"Internet Banking INTERNET BILL PAY 000000257907 MASTERCARD, BMO",07/21/2008,Accommodation,Income,6417.59
"7-ELEVEN 17060 D2811 WINNIPEG, MB",04/04/2018,Accommodation,Income,3403.87
"Point of Sale - Visa Debit INTL VISA DEB RETAIL PURCHASE NOON 033513110581 700.00 EGP @ 0.085600",11/16/2020,Utilities,Expense,3599.22
"Point of Sale - Visa Debit VISA DEBIT RETAIL PURCHASE INSTACART 120723688008",11/16/2001,Utilities,Expense,9593.85
"Internet Banking INTERNET TRANSFER 000000248361",01/02/2002,Personal,Income,6881.96
"Point of Sale - Visa Debit VISA DEBIT MERCHANDISE RET REV INSTACART 112517341247",10/14/2011,Health,Expense,8439.24
"ESHOPWORLD 35318809114",07/14/2001,Personal,Expense,4619.74
"Internet Banking INTERNET BILL PAY 000000257907 MASTERCARD, BMO",11/11/2016,Food,Expense,1728.11
"Point of Sale - Visa Debit VISA DEBIT RETAIL PURCHASE H&R BLOCK 122420136933",07/10/2020,Entertainment,Expense,4480.63
"Point of Sale - Visa Debit INTL VISA DEB RETAIL PURCHASE INSTACART 129013886157 113.55 CAD @ 1.000000",01/11/2019,Health,Expense,2888.41
"Internet Banking E-TRANSFER 103877893810 Divagar",05/01/2012,Entertainment,Expense,7680.65
"SKIPTHEDISHES WINNIPEG, MB",02/25/2007,Entertainment,Income,1828.74
"Point of Sale - Visa Debit VISA DEBIT RETAIL PURCHASE APPLE.COM/BILL 115562225836",11/15/2008,Food,Expense,5073.81
"AMZN Mktp CA*2L7583XQ0 WWW.AMAZON.CA, ON",04/15/2000,Utilities,Income,8986.33
"AMZN Mktp CA*SR64P9QY3 WWW.AMAZON.CA, ON",09/04/2016,Accommodation,Income,1751.85
"Point of Sale - INTERAC RETAIL PURCHASE 000036006148 PEARLE VISION 5",11/03/2005,Accommodation,Expense,4205.01
"Point of Sale - Visa Debit INT VISA DEB PURCHASE REVERSAL INSTACART 129013886157 120.00 CAD @ 1.000000",04/29/2003,Utilities,Income,175.97
"Point of Sale - INTERAC RETAIL PURCHASE 000001001569 LONDON DRUGS 66",10/10/2008,Utilities,Income,4528.11
"Point of Sale - Visa Debit VISA DEBIT RETAIL PURCHASE WINNIPEG TRANSI 121498930642",11/17/2005,Health,Income,7143.28
"DOORDASH*HSIEH FAMILY DOWNTOWN TOROON",07/09/2015,Health,Income,1140.06
"Point of Sale - Visa Debit INT VISA DEB PURCHASE REVERSAL GOOGLE *GOOGLE T21300778584 1320.48 CAD @ 1.000000",09/22/2009,Entertainment,Income,5548.12
"Point of Sale - Visa Debit VISA DEBIT RETAIL PURCHASE SKIPTHEDISHES 128704270353",03/29/2019,Food,Income,1260.54
"Point of Sale - Visa Debit VISA DEBIT RETAIL PURCHASE U OF M REGISTRA 123621211044",06/11/2006,Food,Expense,6706.16
"Point of Sale - Visa Debit VISA DEBIT MERCHANDISE RET REV INSTACART 120723688008",08/21/2010,Entertainment,Expense,7447.71
"Internet Banking INTERNET TRANSFER 000000219008",02/09/2018,Accommodation,Expense,3778.23
"Point of Sale - Visa Debit CORRECTION dbrand Order 033515380970",10/02/2000,Health,Income,9553.13
"SHOPPING WITH POINTS/ACHA T PAR POINTS",03/25/2012,Entertainment,Expense,3741.32
"SOBEYS #5037 WINNIPEG, MB",02/24/2001,Food,Income,521.51
"Point of Sale - Visa Debit INTL VISA DEB RETAIL PURCHASE BDS-INFO.CH 120907700336 20.00 USD @ 1.292000",01/16/2002,Entertainment,Expense,3647.70
"Point of Sale - Visa Debit INTL VISA DEB RETAIL PURCHASE UBR* PENDING.UB 114720281741 17.39 CAD @ 1.000000",06/13/2015,Utilities,Expense,1118.98
"DOORDASH*MCDONALDS DOWNTOWN TORO, ON",03/24/2012,Accommodation,Expense,6488.80
"Point of Sale - INTERAC RETAIL PURCHASE 000001130002 GREENWOODS DENT",04/25/2014,Entertainment,Income,6398.61
"LaunchGood Inc. 855-9991947, MI 10.00 USD @ 1.252000",06/29/2016,Accommodation,Income,9587.85
"Point of Sale - Visa Debit VISA DEBIT RETAIL PURCHASE SKIPTHEDISHES 125122533908",08/03/2005,Accommodation,Expense,9705.62
"PAY PER USE OVERDRAFT FEE",02/25/2011,Personal,Expense,5065.17
"Point of Sale - Visa Debit VISA DEBIT RETAIL PURCHASE SKIPTHEDISHES 130615818470",09/08/2006,Accommodation,Expense,106.33
"Point of Sale - INTERAC RETAIL PURCHASE 815001001156 7 ELEVEN STORE",04/20/2010,Personal,Expense,279.92
"AMZN Mktp CA*2L2SG1VY1 WWW.AMAZON.CA, ON",11/13/2019,Entertainment,Income,6584.93
"Point of Sale - Visa Debit VISA DEBIT RETAIL PURCHASE WWW.IKEA.CA 128415214343",11/02/2007,Entertainment,Income,7641.49
"Point of Sale - Visa Debit INTL VISA DEB RETAIL PURCHASE BDS-INFO.CH 120906774319 20.00 USD @ 1.292000",02/17/2011,Accommodation,Expense,2349.69
"Point of Sale - Visa Debit VISA DEBIT RETAIL PURCHASE PIZZA PIZZA LTD 125320842485",04/04/2020,Entertainment,Income,1569.76
"Internet Banking E-TRANSFER 103904094175 divagar",08/29/2020,Food,Income,7862.53
"Internet Banking INTERNET TRANSFER 000000237749",01/26/2004,Food,Income,6352.73
"7 ELEVEN STORE #32317 WINNIPEG, MB",10/04/2017,Personal,Income,8415.17
"Point of Sale - Visa Debit INTL VISA DEB RETAIL PURCHASE PIZZA PIZZA LTD T21257248801 30.07 CAD @ 1.000000",08/17/2004,Accommodation,Expense,2229.86
"Point of Sale - Visa Debit VISA DEBIT RETAIL PURCHASE APPLE.COM/BILL 115764263401",05/11/2012,Health,Income,6933.58
"UBER *TRIP AMSTERDAM, ON",07/29/2005,Entertainment,Expense,4976.10
"Internet Banking INTERNET DOM TRANSFER 103807220198",02/07/2014,Personal,Expense,5221.69
"Point of Sale - Visa Debit VISA DEBIT RETAIL PURCHASE SKIPTHEDISHES 130615291106",11/01/2016,Utilities,Income,2938.27
"Internet Banking INTERNET TRANSFER 000000260690",10/11/2017,Accommodation,Expense,2136.95
"Point of Sale - INTERAC RETAIL PURCHASE 000001541047 SOBEYS #5037",09/05/2012,Health,Expense,3570.54
"Point of Sale - Visa Debit VISA DEBIT PURCHASE REVERSAL APPLE.COM/CA 215807003250",07/27/2005,Utilities,Expense,4924.72
"SQ *OH DOUGHNUTS gosq.com MB",02/26/2012,Entertainment,Expense,4513.41
"Point of Sale - Visa Debit VISA DEBIT RETAIL PURCHASE WU *8989078410 100175533173",02/13/2020,Entertainment,Expense,1737.00
"DOORDASH*RED LOBSTER DOWNTOWN TOROON",04/11/2006,Accommodation,Income,9219.70
"DOORDASH*RED FOOT KITC DOWNTOWN TORO, ON",04/02/2007,Entertainment,Income,8864.04
"Point of Sale - Visa Debit INT VISA DEB PURCHASE REVERSAL INSTACART 124323231129 140.00 CAD @ 1.000000",06/24/2001,Utilities,Income,936.97
"Point of Sale - Visa Debit VISA DEBIT RETAIL PURCHASE WU *8982929769 120773525764",11/29/2013,Personal,Income,4195.94
"Point of Sale - Visa Debit VISA DEBIT RETAIL PURCHASE SKIPTHEDISHES 115521642780",07/02/2010,Accommodation,Income,5052.29
"SQ *OH DOUGHNUTS gosq.com MB",11/11/2018,Accommodation,Expense,4208.67
"Internet Banking INTERNET TRANSFER 000000233939",06/04/2000,Health,Expense,7160.88
"Point of Sale - Visa Debit VISA DEBIT RETAIL PURCHASE WU *8987807342 114434941244",09/11/2001,Personal,Income,298.93
"Internet Banking INTERNET BILL PAY 000000232460 UNIVERSITY OF MANITOBA",03/21/2004,Accommodation,Expense,7854.59
"Internet Banking INTERNET BILL PAY 000000277385 UNIVERSITY OF MANITOBA",01/28/2016,Food,Income,8482.05
"Internet Banking E-TRANSFER 103927439111 Nil",04/08/2020,Utilities,Expense,8710.42
"Internet Banking E-TRANSFER 103835467191 kijiji controller user",02/21/2013,Food,Expense,172.59
"Point of Sale - Visa Debit VISA DEBIT RETAIL PURCHASE SKIPTHEDISHES 130319587460",08/10/2019,Health,Income,8641.15
"Point of Sale - INTERAC RETAIL PURCHASE 860001001001 7 ELEVEN STORE",07/14/2009,Accommodation,Expense,3529.06
"LaunchGood Inc. 855-9991947, MI 10.00 USD @ 1.251000",04/24/2015,Food,Expense,4775.32
"DOORDASH*RED LOBSTER DOWNTOWN TOROON",08/23/2020,Health,Income,6911.30
"Point of Sale - Visa Debit VISA DEBIT MERCHANDISE RET REV INSTACART 112601145020",02/03/2008,Health,Expense,510.18
"Point of Sale - INTERAC RETAIL PURCHASE 000001431182 SOBEYS #5037",06/04/2005,Personal,Income,2839.30
"Internet Banking E-TRANSFER 103931951869 Nil",10/29/2011,Accommodation,Expense,3821.93
"Internet Banking INTERNET TRANSFER 000000226259",11/23/2001,Personal,Expense,8085.95
"Internet Banking INTERNET BILL PAY 000000248281 MASTERCARD, BMO",08/18/2004,Personal,Income,2494.29
"Crocs Canada, Inc. crocs.ca, ON",03/22/2000,Personal,Expense,5022.35
"Point of Sale - Visa Debit INTL VISA DEB RETAIL PURCHASE SOUQ 033517331671 424.50 EGP @ 0.085606",09/12/2004,Utilities,Expense,6685.53
"Point of Sale - Visa Debit INTL VISA DEB RETAIL PURCHASE INSTACART 124323231129 129.00 CAD @ 1.000000",04/16/2014,Health,Income,3184.02
"Internet Banking INTERNET TRANSFER 000000281600",01/08/2002,Accommodation,Expense,3011.22
"LONDON DRUGS 66 WINNIPEG, MB",05/07/2007,Utilities,Expense,2945.09
"EPC*EPIC GAMES STORE 919-854-0070 59.99 USD @ 1.344390",10/19/2007,Utilities,Expense,6906.38
"Point of Sale - Visa Debit INT VISA DEB PURCHASE REVERSAL INSTACART 122817474064 80.00 CAD @ 1.000000",03/12/2005,Personal,Expense,4674.36
"Point of Sale - Visa Debit INTL VISA DEB RETAIL PURCHASE INSTACART 122817474064 67.43 CAD @ 1.000000",09/20/2019,Personal,Income,3174.94
"Internet Banking INTERNET BILL PAY 000000211857 MASTERCARD, BMO",02/10/2015,Food,Income,3913.42
"Point of Sale - Visa Debit INTL VISA DEB RETAIL PURCHASE UBR* PENDING.UB 115806783478 15.41 CAD @ 1.000000",02/03/2001,Utilities,Expense,2562.91
"Point of Sale - Visa Debit INT VISA DEB PURCHASE REVERSAL INSTACART 128319713380 75.00 CAD @ 1.000000",10/11/2015,Utilities,Expense,2233.11
"Point of Sale - Visa Debit VISA DEBIT RETAIL PURCHASE GOOGLE *Google 129262581781",07/12/2000,Health,Income,4314.76
"Internet Banking E-TRANSFER 103291836407 Nil 2",07/02/2011,Health,Income,1649.31
"Internet Banking INTERNET TRANSFER 000000240361",03/06/2015,Personal,Income,7222.43
"Internet Banking E-TRANSFER 103893663933 CARLI ALECIA-MARIE MCNABB",04/04/2000,Accommodation,Expense,4461.24
"DOLLARAMA #1286 WINNIPEG MB",05/02/2005,Health,Expense,9958.62
"CREDIT ADJUSTMENT",04/02/2013,Food,Expense,1632.67
"Internet Banking INTERNET TRANSFER 000000289816",05/11/2006,Personal,Expense,8417.52
"Crocs Canada, Inc. crocs.ca, ON",02/17/2001,Food,Expense,7081.17
"Point of Sale - Visa Debit VISA DEBIT MERCHANDISE RET REV INSTACART 112601145020",01/03/2004,Personal,Expense,6516.98
"Internet Banking E-TRANSFER 103893663933 CARLI ALECIA-MARIE MCNABB",09/06/2003,Accommodation,Income,6703.21
"AMZN Mktp CA*2R17U8FM2 WWW.AMAZON.CA, ON",08/07/2011,Food,Income,6612.92
"Point of Sale - Visa Debit VISA DEBIT PURCHASE REVERSAL APPLE.COM/CA 215807003250",06/02/2003,Health,Expense,9509.74
"Point of Sale - Visa Debit INTL VISA DEB RETAIL PURCHASE Patreon* Member 118207718434 27.00 USD @ 1.273704",06/11/2014,Accommodation,Income,3608.82
"Internet Banking INTERNET TRANSFER 000000225749",01/21/2015,Health,Income,233.54
"Point of Sale - Visa Debit VISA DEBIT RETAIL PURCHASE DOORDASH*TIM HO 125122780380",03/23/2010,Utilities,Income,495.09
"Internet Banking INTERNET TRANSFER 000000260110",02/23/2007,Entertainment,Expense,6495.77
"Point of Sale - Visa Debit INT VISA DEB PURCHASE REVERSAL UBR* PENDING.UB 115806783478 12.41 CAD @ 1.000000",01/18/2020,Accommodation,Expense,4521.60
"Internet Banking INTERNET BILL PAY 000000243009 MASTERCARD, BMO",04/01/2010,Accommodation,Income,242.97
"Internet Banking INTERNET BILL PAY 000000211857 MASTERCARD, BMO",03/05/2008,Food,Expense,1870.55
"Point of Sale - Visa Debit VISA DEBIT RETAIL PURCHASE INSTACART 120723688008",02/16/2004,Accommodation,Income,8414.96
"Internet Banking INTERNET TRANSFER 000000235999",01/09/2010,Utilities,Income,9669.42
"FAMOUS PLAYER 2402QPS WINNIPEG MB",05/10/2005,Health,Expense,6164.32
"DOORDASH*TIM HORTONS DOWNTOWN TOROON",08/24/2002,Food,Income,4304.55
"Internet Banking INTERNET TRANSFER 000000242922",02/24/2000,Accommodation,Income,9610.59
"Point of Sale - Visa Debit VISA DEBIT RETAIL PURCHASE INSTACART 129222472965",11/15/2019,Health,Expense,4656.03
"Point of Sale - INTERAC RETAIL PURCHASE 000001140007 UPS STORE #189",02/24/2020,Health,Expense,261.05
"Point of Sale - Visa Debit INT VISA DEB PURCHASE REVERSAL APPLE.COM/BILL T21007062033 39.18 CAD @ 1.000000",10/08/2009,Accommodation,Expense,9028.30
"Point of Sale - Visa Debit VISA DEBIT RETAIL PURCHASE SKIPTHEDISHES 130615818470",06/01/2015,Food,Income,1148.97
"Internet Banking INTERNET TRANSFER 000000217320",03/24/2016,Personal,Expense,8128.79
"Point of Sale - Visa Debit VISA DEBIT RETAIL PURCHASE SKIPTHEDISHES 119523616250",06/17/2016,Utilities,Expense,92.26
"7-ELEVEN 17060 D2811 WINNIPEG, MB",03/20/2018,Personal,Income,8594.04
"Internet Banking INTERNET TRANSFER 000000226259",08/18/2013,Utilities,Expense,5345.41
"UPS STORE #189 WINNIPEG, MB",08/07/2000,Food,Income,241.02
"Internet Banking INTERNET TRANSFER 000000229840",03/22/2003,Accommodation,Income,2551.97
"Internet Banking E-TRANSFER 103291836407 Nil 2",04/02/2003,Accommodation,Expense,7442.17
"Point of Sale - Visa Debit INTL VISA DEB RETAIL PURCHASE NOON 033513110581 700.00 EGP @ 0.085600",11/15/2017,Personal,Income,5753.52
"Internet Banking INTERNET BILL PAY 000000211857 MASTERCARD, BMO",06/04/2010,Health,Income,5059.28
"LaunchGood Inc. 855-9991947, MI 10.00 USD @ 1.287000",03/26/2001,Accommodation,Income,526.07
"ESHOPWORLD 35318809114",09/12/2019,Food,Income,4370.68
"Point of Sale - Visa Debit VISA DEBIT RETAIL PURCHASE SKIPTHEDISHES 119820331428",03/05/2010,Entertainment,Income,2606.88
"Point of Sale - Visa Debit VISA DEBIT RETAIL PURCHASE GOOGLE *Google 129862345774",11/21/2014,Utilities,Income,3438.23
"Point of Sale - Visa Debit INTL VISA DEB RETAIL PURCHASE INSTACART 129222472965 28.03 CAD @ 1.000000",01/17/2017,Food,Income,613.82
"UBER *TRIP AMSTERDAM, ON",08/01/2001,Food,Income,5725.35
"Point of Sale - INTERAC RETAIL PURCHASE 860001001001 7 ELEVEN STORE",04/17/2016,Personal,Income,1152.01
"Point of Sale - Visa Debit VISA DEBIT RETAIL PURCHASE PIZZA PIZZA LTD 115222608388",10/10/2006,Entertainment,Expense,9344.61
"PIZZA PIZZA LTD TORONTO ON",04/18/2005,Food,Income,891.04
"Internet Banking E-TRANSFER 103935295283 Nil",09/05/2007,Accommodation,Income,1203.74
"Point of Sale - INTERAC RETAIL PURCHASE 000001001326 COINAMATIC CANA",07/09/2010,Utilities,Expense,7681.82
"Point of Sale - Visa Debit VISA DEBIT RETAIL PURCHASE APPLE.COM/BILL 036362050688",11/11/2015,Accommodation,Expense,3868.60
"Point of Sale - Visa Debit CORRECTION dbrand Order 033515540976",01/17/2004,Utilities,Income,3214.41
"Point of Sale - INTERAC RETAIL PURCHASE 000001134001 GREENWOODS DENT",01/13/2012,Food,Expense,962.38
"AMZN Mktp CA*SR64P9QY3 WWW.AMAZON.CA, ON",02/01/2010,Personal,Expense,8349.77
"Point of Sale - Visa Debit VISA DEBIT RETAIL PURCHASE PAYPAL *RAGHDA 119618572370",01/26/2017,Health,Income,2399.23
"Point of Sale - INTERAC RETAIL PURCHASE 000653170804 ST VITAL VISION",08/29/2009,Entertainment,Expense,6784.39
"Point of Sale - Visa Debit INT VISA DEB PURCHASE REVERSAL INSTACART 129013886157 120.00 CAD @ 1.000000",07/13/2008,Food,Income,8184.58
"Point of Sale - Visa Debit VISA DEBIT RETAIL PURCHASE PAYPAL *ASEELSA 123721541177",08/23/2007,Health,Income,5537.75
"Point of Sale - Visa Debit VISA DEBIT RETAIL PURCHASE INSTACART 112517341247",06/24/2008,Entertainment,Expense,3030.51
"SQ *OH DOUGHNUTS gosq.com MB",09/16/2012,Personal,Income,8795.98
"Point of Sale - Visa Debit VISA DEBIT RETAIL PURCHASE INSTACART 120723688008",05/30/2020,Accommodation,Income,6477.05
"UBER *TRIP AMSTERDAM, ON",09/28/2005,Health,Income,4623.08
"Point of Sale - INTERAC RETAIL PURCHASE 860001001001 7 ELEVEN STORE",01/01/2009,Personal,Expense,5923.61
"Internet Banking INTERNET TRANSFER 000000222121",03/14/2020,Health,Expense,6250.00
"Point of Sale - INTERAC RETAIL PURCHASE 000001001029 DOLLARAMA # 503",05/04/2011,Entertainment,Income,6329.86
"OVER LIMIT FEE",03/21/2007,Health,Income,3713.56
"Point of Sale - Visa Debit VISA DEBIT RETAIL PURCHASE AMZN Mktp CA 114234127034",01/13/2000,Health,Income,1588.56
"Internet Banking INTERNET TRANSFER 000000289816",10/20/2008,Accommodation,Expense,2159.77
"Automated Banking Machine ATM DEPOSIT FORT RICHMOND SQ 2A12",10/14/2011,Entertainment,Expense,7022.82
"Internet Banking INTERNET TRANSFER 000000239148",03/12/2002,Food,Income,4020.19
"Point of Sale - Visa Debit VISA DEBIT RETAIL PURCHASE SKIPTHEDISHES 114722191577",07/21/2008,Utilities,Income,9305.39
"Point of Sale - INTERAC RETAIL PURCHASE 000036006148 PEARLE VISION 5",09/24/2011,Personal,Expense,3812.35
"Electronic Funds Transfer PREAUTHORIZED DEBIT CIBC-DISATF",03/10/2010,Health,Income,5397.89
"Internet Banking INTERNET BILL PAY 000000211857 MASTERCARD, BMO",03/05/2015,Health,Expense,5927.80
"Internet Banking INTERNET BILL PAY 000000275373 MASTERCARD, BMO",01/29/2001,Personal,Income,6179.52
"Internet Banking INTERNET TRANSFER 000000233596",05/05/2013,Utilities,Expense,390.93
"SKIPTHEDISHES WINNIPEG MB",08/05/2012,Health,Expense,3566.62
"ESHOPWORLD 35318809114",01/05/2008,Health,Income,6738.15
"Internet Banking E-TRANSFER 103782929527 Nil",03/02/2013,Food,Income,7443.88
"Point of Sale - Visa Debit VISA DEBIT RETAIL PURCHASE AMZN Mktp CA 120843570813",06/16/2014,Utilities,Income,8235.15
"Point of Sale - Visa Debit VISA DEBIT RETAIL PURCHASE SKIPTHEDISHES 128320503371",04/24/2006,Health,Expense,6268.14
"Point of Sale - Visa Debit VISA DEBIT RETAIL PURCHASE APPLE.COM/BILL 115135455508",07/28/2012,Food,Income,9101.55
"Internet Banking INTERNET TRANSFER 000000210291",09/01/2005,Accommodation,Expense,9756.60
"Point of Sale - Visa Debit VISA DEBIT RETAIL PURCHASE PAYPAL *ASEELSA 130519882534",04/03/2012,Accommodation,Income,9866.80
"Internet Banking INTERNET TRANSFER 000000274521",04/23/2013,Food,Expense,3373.13
"Point of Sale - Visa Debit VISA DEBIT RETAIL PURCHASE INSTACART 128319713380",07/15/2010,Food,Expense,8288.85
"Point of Sale - INTERAC RETAIL PURCHASE 000001001391 DOLLARAMA #1286",06/04/2006,Utilities,Expense,5619.29
"Internet Banking INTERNET TRANSFER 000000214062",04/29/2004,Health,Income,4619.49
"Internet Banking INTERNET TRANSFER 000000222121",08/18/2014,Health,Expense,1236.91
"Point of Sale - INTERAC RETAIL PURCHASE 124516329556 TIM HORTONS #81",10/05/2009,Utilities,Expense,6282.02
"Point of Sale - Visa Debit VISA DEBIT MERCHANDISE RET REV INSTACART 120723688008",09/28/2007,Entertainment,Expense,6443.52
"DOORDASH*CIRCLE K DOWNTOWN TOROON",06/24/2013,Personal,Income,8334.17
"DOORDASH*OH DOUGHNUTS DOWNTOWN TORO, ON",11/08/2012,Utilities,Income,6476.70
"Point of Sale - Visa Debit VISA DEBIT RETAIL PURCHASE WU *8987807342 114434941244",02/14/2001,Food,Expense,1431.74
"Point of Sale - Visa Debit INT VISA DEB PURCHASE REVERSAL INSTACART 124323231129 140.00 CAD @ 1.000000",05/28/2002,Accommodation,Income,4806.48
"Point of Sale - Visa Debit VISA DEBIT RETAIL PURCHASE H&R BLOCK 122420136933",05/11/2003,Utilities,Expense,2841.71
"Internet Banking INTERNET TRANSFER 000000268805",06/23/2018,Accommodation,Income,5555.41
"Point of Sale - Visa Debit VISA DEBIT PURCHASE REVERSAL INSTACART 119701211405",04/04/2019,Food,Expense,5822.07
"UBER *TRIP HELP.UBER.COMNLD",07/11/2011,Health,Expense,2988.26
"Point of Sale - Visa Debit INT VISA DEB PURCHASE REVERSAL INSTACART 128319713380 75.00 CAD @ 1.000000",01/24/2012,Personal,Expense,2195.83
"7 ELEVEN STORE #32317 WINNIPEG, MB",01/14/2008,Health,Expense,7003.18
"Point of Sale - Visa Debit VISA DEBIT RETAIL PURCHASE PP*6750CODE 112910330964",05/04/2017,Accommodation,Expense,7458.24
"Point of Sale - Visa Debit INT VISA DEB PURCHASE REVERSAL APPLE.COM/BILL T21007062033 39.18 CAD @ 1.000000",08/25/2010,Health,Expense,584.30
"Internet Banking INTERNET TRANSFER 000000239616",10/29/2007,Food,Expense,407.47
"Point of Sale - Visa Debit VISA DEBIT RETAIL PURCHASE PIZZA PIZZA LTD 119505451956",09/10/2017,Entertainment,Income,8381.38
"Point of Sale - Visa Debit VISA DEBIT RETAIL PURCHASE SKIPTHEDISHES 115416041043",01/14/2008,Health,Income,7974.05
"Point of Sale - Visa Debit VISA DEBIT RETAIL PURCHASE PAYPAL *OZLEY L 120700380712",01/17/2003,Personal,Expense,8497.15
"Point of Sale - Visa Debit VISA DEBIT RETAIL PURCHASE DD 129817307906",05/07/2004,Accommodation,Income,7002.14
"Internet Banking E-TRANSFER 103811946493 Nil",07/15/2010,Health,Income,7824.51
"Internet Banking E-TRANSFER 103893663933 CARLI ALECIA-MARIE MCNABB",08/14/2019,Utilities,Expense,5723.27
"Internet Banking INTERNET TRANSFER 000000256035",08/14/2009,Personal,Income,3581.94
"Point of Sale - Visa Debit INT VISA DEB PURCHASE REVERSAL UBER *TRIP T21166833400 3.00 CAD @ 1.000000",06/01/2012,Entertainment,Income,5858.73
"Automated Banking Machine ATM DEPOSIT FORT RICHMOND SQ 2A12",08/25/2006,Health,Expense,6107.45
"Branch Transaction WITHDRAWAL IBB FORT RICHMOND SQ BANKING CENTR",07/27/2009,Health,Expense,8928.57
"Internet Banking INTERNET TRANSFER 000000233596",11/20/2011,Entertainment,Expense,4683.22
"Internet Banking INTERNET BILL PAY 000000238398 UNIVERSITY OF MANITOBA",06/28/2005,Entertainment,Income,5290.77
"Internet Banking INTERNET TRANSFER 000000260690",06/07/2015,Food,Income,1233.14
"Point of Sale - Visa Debit INT VISA DEB PURCHASE REVERSAL UBR* PENDING.UB 115806783478 12.41 CAD @ 1.000000",11/28/2005,Food,Income,6629.16
"DOLLARAMA #1286 WINNIPEG, MB",04/17/2000,Entertainment,Income,1004.22
"Point of Sale - Visa Debit VISA DEBIT RETAIL PURCHASE WWW.IKEA.CA 128415214343",04/27/2013,Food,Expense,3505.29
"OVERLIMIT FEE ON BAL $ 1437.17",08/17/2017,Personal,Expense,7120.12
"Point of Sale - Visa Debit VISA DEBIT RETAIL PURCHASE PAYPAL *RAGHDA 115221381293",11/01/2005,Health,Expense,1100.24
"DOLLARAMA #1286 WINNIPEG MB",05/23/2003,Health,Income,7084.75
"Point of Sale - Visa Debit INTL VISA DEB RETAIL PURCHASE INSTACART 124323231129 129.00 CAD @ 1.000000",01/08/2008,Utilities,Expense,2729.14
"AMZ*Duolihui US WWW.AMAZON.CA, ON",10/12/2009,Food,Income,3681.04
"Point of Sale - Visa Debit VISA DEBIT RETAIL PURCHASE INSTACART 112517341247",06/24/2011,Personal,Expense,7839.91
"UBER *TRIP HELP.UBER.COMNLD",04/23/2017,Personal,Income,1803.64
"IKEA WINNIPEG #249 BURLINGTON, ON",09/24/2001,Personal,Income,8145.36
"Internet Banking INTERNET TRANSFER 000000248000",11/02/2003,Utilities,Income,4147.81
"Internet Banking INTERNET TRANSFER 000000260690",04/25/2011,Food,Income,116.10
"Point of Sale - Visa Debit VISA DEBIT RETAIL PURCHASE APPLE.COM/BILL 115244629060",01/06/2004,Health,Expense,3777.64
"Point of Sale - Visa Debit VISA DEBIT RETAIL PURCHASE DD 129904421813",02/23/2001,Personal,Expense,9126.73
"Point of Sale - Visa Debit VISA DEBIT RETAIL PURCHASE DD 129521971315",02/03/2020,Utilities,Expense,2830.39
"Point of Sale - INTERAC RETAIL PURCHASE 000001001182 UNICITY TAXI #",04/09/2006,Entertainment,Expense,1442.31
"Point of Sale - Visa Debit VISA DEBIT RETAIL PURCHASE SKIPTHEDISHES 128704270353",02/26/2020,Entertainment,Expense,924.10
"Internet Banking INTERNET TRANSFER 000000242642",08/03/2019,Utilities,Expense,7467.88
"Point of Sale - Visa Debit INTL VISA DEB RETAIL PURCHASE UBR* PENDING.UB 114720281741 20.39 CAD @ 1.000000",01/17/2014,Utilities,Expense,4736.35
"Point of Sale - Visa Debit VISA DEBIT RETAIL PURCHASE WU *8989078410 100175533173",07/24/2012,Accommodation,Income,6097.00
"DOORDASH*OH DOUGHNUTS DOWNTOWN TORO, ON",03/11/2001,Food,Expense,1949.14
"LaunchGood Inc. 855-9991947, MI 10.00 USD @ 1.263000",01/30/2006,Health,Income,388.97
"EPC*EPIC GAMES STORE 919-854-0070 59.99 USD @ 1.344390",03/21/2003,Utilities,Income,3980.80
"DOORDASH*WAKO SUSHI CA DOWNTOWN TORO, ON",10/26/2016,Utilities,Expense,5867.55
"Point of Sale - INTERAC RETAIL PURCHASE 000001449010 NATION WEST INS",09/21/2003,Utilities,Expense,8090.93
"Internet Banking E-TRANSFER 103904094175 divagar",11/01/2015,Personal,Expense,3557.23
"Point of Sale - Visa Debit VISA DEBIT RETAIL PURCHASE SKIPTHEDISHES 128704270353",08/04/2013,Health,Expense,7063.90
"Point of Sale - Visa Debit VISA DEBIT RETAIL PURCHASE INSTACART 122817474064",05/24/2009,Accommodation,Expense,8741.61
"Point of Sale - INTERAC RETAIL PURCHASE 000001001183 UNICITY TAXI #",07/24/2004,Entertainment,Expense,9698.83
"Point of Sale - INTERAC RETAIL PURCHASE 000001001029 DOLLARAMA # 503",07/15/2004,Accommodation,Income,5745.82
"SERVICE CHARGE",10/17/2016,Entertainment,Income,5215.46
"UBER *TRIP AMSTERDAM, ON",03/28/2010,Entertainment,Expense,2612.50
"OVERLIMIT FEE",07/05/2000,Entertainment,Income,3341.03
"Internet Banking INTERNET TRANSFER 000000230250",04/13/2008,Personal,Income,1515.99
"Point of Sale - Visa Debit VISA DEBIT RETAIL PURCHASE U OF M REGISTRA 123621211044",09/12/2006,Health,Income,508.52
"Point of Sale - Visa Debit VISA DEBIT RETAIL PURCHASE DD 129221927298",02/11/2007,Accommodation,Expense,3783.01
"Point of Sale - Visa Debit INT VISA DEB PURCHASE REVERSAL PIZZA PIZZA LTD 125320842485 30.16 CAD @ 1.000000",02/21/2008,Accommodation,Expense,7564.37
"Point of Sale - Visa Debit VISA DEBIT RETAIL PURCHASE DD 128120074581",02/20/2020,Personal,Expense,9190.01
"MARY BROWNS #8002 WINNIPEG MB",10/03/2006,Health,Expense,8777.08
"Point of Sale - Visa Debit VISA DEBIT RETAIL PURCHASE AMZN Mktp CA 129931113626",06/22/2008,Food,Income,766.38
"Cashback/Remises CR",08/05/2000,Utilities,Income,4465.51
"Point of Sale - Visa Debit VISA DEBIT RETAIL PURCHASE H&M ONLINE 121007465422",11/24/2002,Health,Expense,88.81
"MARY BROWNS #8002 WINNIPEG MB",06/07/2008,Utilities,Expense,995.12
"Point of Sale - Visa Debit INT VISA DEB PURCHASE REVERSAL PIZZA PIZZA LTD 125320842485 30.16 CAD @ 1.000000",06/16/2006,Entertainment,Income,5069.37
"TIM HORTONS #8152 WINNIPEG MB",10/28/2000,Accommodation,Income,1512.69
"Internet Banking INTERNET TRANSFER 000000235999",01/25/2000,Personal,Income,1672.50
"Point of Sale - Visa Debit VISA DEBIT RETAIL PURCHASE AMZN Mktp CA 129341124937",02/08/2005,Personal,Income,2115.52
"AMZN Mktp CA*SR64P9QY3 WWW.AMAZON.CA, ON",03/20/2007,Entertainment,Expense,2723.75
"Branch Transaction OVERDRAFT INTEREST CHARGE",02/18/2007,Accommodation,Income,1019.99
"7 ELEVEN STORE #32317 WINNIPEG, MB",02/22/2006,Food,Income,6434.68
"SERVICE CHARGE",02/11/2010,Food,Expense,3836.75
"Point of Sale - Visa Debit VISA DEBIT PURCHASE REVERSAL INSTACART 119320576697",09/29/2016,Health,Expense,1395.02
"Internet Banking E-TRANSFER 103851939670 Divagar",03/29/2001,Utilities,Income,8404.30
"AMZN Mktp CA*2L7ID8VF1 WWW.AMAZON.CA, ON",03/30/2013,Health,Income,7597.77
"Point of Sale - Visa Debit VISA DEBIT RETAIL PURCHASE PIZZA PIZZA LTD 115222608388",02/14/2007,Utilities,Expense,4929.61
"Point of Sale - Visa Debit VISA DEBIT RETAIL PURCHASE PAYPAL *ASEELSA 123721541177",09/01/2007,Accommodation,Income,5432.47
"Point of Sale - Visa Debit VISA DEBIT RETAIL PURCHASE WINNIPEG TRANSI 129710298809",09/29/2017,Food,Expense,5149.06
"Point of Sale - INTERAC RETAIL PURCHASE 000001001391 DOLLARAMA #1286",03/01/2008,Entertainment,Expense,3397.42
"Internet Banking INTERNET TRANSFER 000000274521",07/17/2013,Accommodation,Expense,7390.66
"Internet Banking INTERNET TRANSFER 000000248361",06/26/2006,Health,Income,4154.05
"Electronic Funds Transfer CREDIT MEMO CIBC-DISATF",06/05/2014,Utilities,Expense,2894.42
"Internet Banking INTERNET TRANSFER 000000217320",03/14/2007,Personal,Expense,5328.61
"Point of Sale - INTERAC RETAIL PURCHASE 000001541047 SOBEYS #5037",07/30/2019,Utilities,Expense,2613.52
"7-ELEVEN 17060 D2811 WINNIPEG MB",07/06/2002,Utilities,Expense,9420.52
"Point of Sale - Visa Debit VISA DEBIT MERCHANDISE RET REV INSTACART 120723688008",11/07/2002,Personal,Expense,6678.18
"Internet Banking INTERNET TRANSFER 000000260690",03/21/2007,Accommodation,Expense,2984.50
"Point of Sale - INTERAC RETAIL PURCHASE 000001001173 DOLLARAMA #1286",06/01/2002,Entertainment,Income,1730.04
"PAYMENT THANK YOU/PAIEMEN T MERCI",05/27/2017,Health,Expense,8242.12
"Point of Sale - Visa Debit VISA DEBIT MERCHANDISE RET REV INSTACART 119320576697",08/01/2006,Health,Expense,1668.07
"ROGERS ******* 888-764-3771 ON",11/08/2003,Utilities,Expense,1480.58
"ESHOPWORLD 35318809114",01/24/2011,Food,Expense,5528.88
"Internet Banking INTERNET TRANSFER 000000217381",10/21/2006,Health,Expense,634.84
"Internet Banking INTERNET TRANSFER 000000274346",10/28/2013,Food,Income,1886.35
"UBER* TRIP TORONTO ON",07/09/2011,Health,Income,4623.73
"Internet Banking INTERNET TRANSFER 000000210291",04/16/2008,Entertainment,Income,5982.60
"Point of Sale - Visa Debit VISA DEBIT MERCHANDISE RET REV INSTACART 119320576697",09/14/2004,Entertainment,Expense,1773.54
"Point of Sale - Visa Debit INTL VISA DEB RETAIL PURCHASE Patreon* Member 118207667254 18.00 GBP @ 1.762222",01/23/2000,Food,Income,3706.00
"AMZN Mktp CA*2G8R57Z62 WWW.AMAZON.CA, ON",07/06/2008,Utilities,Income,9009.76
"Point of Sale - Visa Debit VISA DEBIT RETAIL PURCHASE UBER CANADA 128622894662",11/06/2009,Food,Income,6588.33
"UOFMANITOBA-BOOKSTORE WINNIPEG, MB",10/01/2003,Utilities,Expense,5598.51
"Internet Banking INTERNET TRANSFER 000000277819",07/21/2008,Food,Expense,9917.02
"Point of Sale - Visa Debit VISA DEBIT PURCHASE REVERSAL INSTACART 119701211405",09/09/2014,Entertainment,Income,3061.14
"7 ELEVEN STORE #32317 WINNIPEG, MB",06/16/2000,Utilities,Expense,1925.17
"Internet Banking INTERNET TRANSFER 000000230250",07/20/2009,Food,Expense,7904.23
"Point of Sale - Visa Debit VISA DEBIT RETAIL PURCHASE INSTACART 122817474064",11/22/2015,Food,Expense,7659.24
"Internet Banking INTERNET TRANSFER 000000214062",08/25/2007,Personal,Income,1170.78
"Point of Sale - Visa Debit VISA DEBIT RETAIL PURCHASE DD 129817307906",06/02/2017,Accommodation,Income,5339.27
"Point of Sale - Visa Debit INTL VISA DEB RETAIL PURCHASE SOUQ 033520005685 568.00 EGP @ 0.085616",06/18/2000,Utilities,Income,8214.28
"Automated Banking Machine ATM WITHDRAWAL FORT RICHMOND SQ 2A12",08/07/2001,Accommodation,Income,7136.73
"Point of Sale - Visa Debit VISA DEBIT RETAIL PURCHASE DOORDASH*CINNAH 119300812554",11/06/2015,Entertainment,Income,5491.85
"Internet Banking INTERNET BILL PAY 000000277385 UNIVERSITY OF MANITOBA",06/27/2001,Accommodation,Income,2697.50
"Point of Sale - INTERAC RETAIL PURCHASE 000001215012 UPS STORE #189",01/09/2020,Entertainment,Income,1150.50
"Internet Banking E-TRANSFER 103811946493 Nil",02/26/2011,Food,Income,8336.47
"Internet Banking E-TRANSFER 103931951354 Nam Huy Bui",10/08/2007,Food,Expense,7538.15
"Internet Banking INTERNET DOM TRANSFER 103807220198",06/02/2005,Entertainment,Expense,2040.84
"Internet Banking INTERNET TRANSFER 000000252936",07/16/2005,Food,Expense,3569.86
"Point of Sale - Visa Debit VISA DEBIT RETAIL PURCHASE DD 128120074581",03/06/2015,Health,Income,3007.65
"Point of Sale - Visa Debit VISA DEBIT RETAIL PURCHASE APPLE.COM/BILL 115562225836",01/16/2007,Utilities,Expense,8180.00
"Point of Sale - Visa Debit INT VISA DEB PURCHASE REVERSAL PIZZA PIZZA LTD 125320842485 30.16 CAD @ 1.000000",03/13/2011,Health,Income,9965.14
"Point of Sale - Visa Debit INTL VISA DEB RETAIL PURCHASE SOUQ 033520005685 568.00 EGP @ 0.085616",04/02/2008,Food,Expense,1866.28
"Point of Sale - Visa Debit INTL VISA DEB RETAIL PURCHASE SP * PALIROOTS 114620880842 37.00 USD @ 1.238378",06/22/2012,Personal,Expense,1652.45
"Internet Banking INTERNET TRANSFER 000000219008",09/20/2003,Accommodation,Income,495.84
"Point of Sale - Visa Debit VISA DEBIT RETAIL PURCHASE PIZZA PIZZA LTD 125320842485",11/27/2019,Entertainment,Expense,8512.18
"Internet Banking INTERNET TRANSFER 000000220619",08/12/2010,Utilities,Income,9160.99
"Point of Sale - Visa Debit VISA DEBIT RETAIL PURCHASE H&R BLOCK 122420136933",05/09/2005,Personal,Income,604.11
"Point of Sale - Visa Debit VISA DEBIT RETAIL PURCHASE SKIPTHEDISHES 130615818470",05/29/2000,Accommodation,Income,8646.68
"Internet Banking INTERNET TRANSFER 000000217320",10/08/2001,Personal,Income,2239.56
"Internet Banking INTERNET TRANSFER 000000263993",10/07/2000,Food,Expense,6250.46
"Internet Banking INTERNET TRANSFER 000000248000",06/22/2000,Personal,Expense,7796.62
"Internet Banking E-TRANSFER 103904094175 divagar",02/11/2002,Accommodation,Expense,4921.58
"AMZN Mktp CA*2C9PP0MR2 WWW.AMAZON.CAON",03/17/2014,Personal,Expense,9029.30
"Internet Banking E-TRANSFER 103931951354 Nam Huy Bui",08/04/2004,Entertainment,Income,432.44
"PONY CORRAL RESTAURANT WINNIPEG MB",09/11/2000,Utilities,Expense,5136.07
"Internet Banking INTERNET TRANSFER 000000233795",07/29/2017,Food,Income,3708.85
"MARY BROWNS #8002 WINNIPEG MB",09/29/2000,Accommodation,Income,1193.86
"Point of Sale - INTERAC RETAIL PURCHASE 000001280019 ULTRACUTS STORE",07/15/2005,Entertainment,Expense,5631.57
"Point of Sale - Visa Debit VISA DEBIT RETAIL PURCHASE WWW.IKEA.CA 128415214343",10/08/2005,Food,Expense,5009.14
"Point of Sale - Visa Debit VISA DEBIT RETAIL PURCHASE APPLE.COM/BILL 115161790291",11/23/2004,Accommodation,Expense,2002.51
"Point of Sale - Visa Debit CORRECTION dbrand Order 033515380970",06/26/2015,Entertainment,Income,5115.70
"Point of Sale - Visa Debit VISA DEBIT RETAIL PURCHASE PAYPAL *ABBYMAR 114420760500",03/30/2012,Entertainment,Income,404.65
"Internet Banking E-TRANSFER 103291835592 Nil 2",11/14/2006,Personal,Income,7233.18
"Internet Banking INTERNET TRANSFER 000000229840",07/16/2014,Personal,Expense,3093.48
"PAYPAL *IGLOOB16 4029357733, ON",07/22/2020,Personal,Income,1233.71
"Point of Sale - Visa Debit VISA DEBIT RETAIL PURCHASE PAYPAL *DBRAND 033516821111",01/17/2020,Health,Income,3510.24
"Internet Banking INTERNET TRANSFER 000000225749",01/29/2012,Utilities,Expense,6970.28
"UBR* PENDING.UBER.COM AMSTERDAM, ON",06/17/2019,Food,Expense,1050.27
"Point of Sale - Visa Debit VISA DEBIT RETAIL PURCHASE DD 129721552614",09/09/2007,Health,Income,7039.76
"AMZN Mktp CA*2C4GU87A1 WWW.AMAZON.CAON",09/28/2005,Utilities,Income,3037.33
"Point of Sale - Visa Debit VISA DEBIT RETAIL PURCHASE SKIPTHEDISHES 128704270353",06/19/2005,Food,Income,1704.43
"Point of Sale - Visa Debit VISA DEBIT RETAIL PURCHASE INSTACART 120723688008",02/07/2004,Entertainment,Income,7206.89
"Internet Banking INTERNET TRANSFER 000000260690",07/18/2017,Utilities,Expense,4225.18
"Internet Banking INTERNET BILL PAY 000000211857 MASTERCARD, BMO",04/21/2014,Personal,Expense,8403.48
"Internet Banking INTERNET TRANSFER 000000218634",08/03/2003,Food,Expense,861.79
"Point of Sale - Visa Debit VISA DEBIT MERCHANDISE RET REV INSTACART 112601145020",01/26/2000,Utilities,Expense,5475.13
"Point of Sale - Visa Debit VISA DEBIT RETAIL PURCHASE APPLE.COM/BILL 036362050688",10/29/2011,Entertainment,Income,3116.34
"Internet Banking INTERNET TRANSFER 000000239616",09/28/2001,Entertainment,Expense,4558.99
"Point of Sale - Visa Debit VISA DEBIT RETAIL PURCHASE SKIPTHEDISHES 119401577236",06/01/2002,Health,Expense,1153.68
"Internet Banking INTERNET TRANSFER 000000274346",08/23/2007,Health,Expense,1567.90
"Internet Banking INTERNET TRANSFER 000000242922",10/09/2018,Health,Expense,8533.90
"Point of Sale - Visa Debit VISA DEBIT RETAIL PURCHASE APPLE.COM/BILL 115244629060",07/09/2006,Entertainment,Expense,7067.21
"PIZZA PIZZA LTD TORONTO, ON",02/14/2013,Entertainment,Expense,8754.62
"PAYPAL *OZLEY LLC 4029357733, ON",05/24/2014,Health,Expense,3877.12
"ROGERS ******* 888-764-3771 ON",01/09/2020,Entertainment,Expense,7347.03
"Point of Sale - Visa Debit VISA DEBIT RETAIL PURCHASE WWW.IKEA.CA 128415214343",05/23/2009,Entertainment,Income,6817.41
"Point of Sale - Visa Debit VISA DEBIT RETAIL PURCHASE PAYPAL *ASEELSA 130519882534",07/23/2020,Utilities,Income,8240.79
"Branch Transaction WITHDRAWAL IBB FORT RICHMOND SQ BANKING CENTR",05/05/2014,Food,Income,8028.43
"Internet Banking INTERNET TRANSFER 000000248361",07/27/2006,Personal,Income,3988.40
"Internet Banking E-TRANSFER 103890816362 Nil",07/01/2002,Utilities,Expense,4538.24
"SQ *SHANG HAI 360 Winnipeg, MB",10/23/2007,Entertainment,Expense,4538.50
"Internet Banking INTERNET TRANSFER 000000229840",07/06/2002,Utilities,Expense,616.95
"Internet Banking INTERNET TRANSFER 000000242922",11/12/2010,Utilities,Income,4427.25
"Internet Banking INTERNET TRANSFER 000000280436",10/10/2009,Accommodation,Income,466.04
"Point of Sale - INTERAC RETAIL PURCHASE 000001001456 LONDON DRUGS 66",03/16/2011,Utilities,Income,7755.96
"Internet Banking INTERNET BILL PAY 000000242901 MASTERCARD, BMO",06/23/2001,Utilities,Income,6197.42
"Point of Sale - Visa Debit VISA DEBIT RETAIL PURCHASE WU *8980740778 125372611826",02/12/2012,Accommodation,Income,5540.64
"Internet Banking INTERNET TRANSFER 000000239148",08/10/2003,Health,Income,9649.67
"Point of Sale - INTERAC RETAIL PURCHASE 000001001173 DOLLARAMA #1286",05/24/2016,Entertainment,Income,1687.22
"Internet Banking E-TRANSFER 103811946493 Nil",10/29/2003,Food,Expense,54.90
"PAYMENT RECEIVED - THANK YOU",09/23/2014,Health,Income,3706.18
"Point of Sale - Visa Debit VISA DEBIT RETAIL PURCHASE SKIPTHEDISHES 119820331428",04/04/2002,Personal,Expense,3995.41
"Point of Sale - Visa Debit INTL VISA DEB RETAIL PURCHASE INSTACART 129013886157 113.55 CAD @ 1.000000",09/18/2000,Personal,Expense,5982.39
"CREDIT ADJUSTMENT",05/14/2019,Accommodation,Expense,2047.36
"Internet Banking INTERNET TRANSFER 000000268805",06/27/2020,Health,Income,7697.39
"DOORDASH*WAKO SUSHI CA DOWNTOWN TORO, ON",07/04/2018,Entertainment,Income,2136.08
"Internet Banking INTERNET TRANSFER 000000249325",04/06/2017,Entertainment,Income,482.82
"PAYPAL *OZLEY LLC 4029357733, ON",10/08/2005,Accommodation,Income,1091.83
"Point of Sale - Visa Debit INT VISA DEB PURCHASE REVERSAL INSTACART 122817474064 80.00 CAD @ 1.000000",04/01/2011,Entertainment,Expense,7310.46
"Internet Banking INTERNET BILL PAY 000000265158 MASTERCARD, BMO",05/16/2020,Entertainment,Expense,3693.95
"Point of Sale - Visa Debit VISA DEBIT RETAIL PURCHASE AMZN Mktp CA 116343132146",06/07/2010,Utilities,Expense,5403.40
"Point of Sale - Visa Debit VISA DEBIT RETAIL PURCHASE SKIPTHEDISHES 115416041043",02/18/2009,Accommodation,Income,2856.99
"AMZN Mktp CA*2C9PP0MR2 WWW.AMAZON.CAON",10/10/2010,Food,Expense,9677.16
"Point of Sale - Visa Debit VISA DEBIT RETAIL PURCHASE PAYPAL *DOORDAS 114315330225",01/13/2013,Utilities,Income,3931.37
"Internet Banking E-TRANSFER 103922078186 Nam Huy Bui",11/21/2005,Entertainment,Expense,3392.83
"UBER *TRIP HELP.UBER.COMNLD",06/08/2005,Accommodation,Income,9474.54
"Point of Sale - INTERAC RETAIL PURCHASE 000001001173 DOLLARAMA #1286",11/05/2006,Utilities,Income,9766.86
"Internet Banking INTERNET BILL PAY 000000232460 UNIVERSITY OF MANITOBA",08/07/2015,Utilities,Expense,9467.78
"PAYPAL *RAGHDA 4029357733, ON",02/09/2009,Accommodation,Income,8370.25
"Ding 73180577 Dublin",10/26/2015,Personal,Income,7335.82
"Point of Sale - Visa Debit INTL VISA DEB RETAIL PURCHASE SP * PALIROOTS 114620880842 37.00 USD @ 1.238378",03/28/2017,Health,Expense,7079.95
"Point of Sale - Visa Debit INT VISA DEB PURCHASE REVERSAL UBER *TRIP T21166833400 3.00 CAD @ 1.000000",09/15/2012,Accommodation,Expense,1601.98
"UBER CANADA/UBERTRIP TORONTO ON",05/17/2003,Entertainment,Expense,7450.60
"Ding 70783768 Dublin",09/27/2007,Entertainment,Income,1853.23
"Internet Banking INTERNET TRANSFER 000000226377",07/28/2006,Utilities,Expense,6897.69
"Point of Sale - INTERAC RETAIL PURCHASE 000036006148 PEARLE VISION 5",04/15/2015,Food,Income,9183.73
"Point of Sale - INTERAC RETAIL PURCHASE 297001001049 7-ELEVEN 17060",08/25/2011,Personal,Income,5408.63
"Point of Sale - Visa Debit VISA DEBIT RETAIL PURCHASE WINNIPEG TRANSI 129710298809",06/04/2009,Utilities,Expense,5355.90
"Internet Banking INTERNET TRANSFER 000000276467",07/15/2002,Accommodation,Expense,2475.41
"Internet Banking E-TRANSFER 103933806689 Cs Tutoring",02/06/2017,Personal,Expense,832.45
"Point of Sale - INTERAC RETAIL PURCHASE 000001001326 COINAMATIC CANA",05/02/2005,Health,Expense,4014.32
"Internet Banking INTERNET BILL PAY 000000265158 MASTERCARD, BMO",01/21/2014,Entertainment,Expense,2405.84
"ESHOPWORLD 35318809114",09/08/2016,Personal,Income,6623.56
"AMZN Mktp CA*2L1RK2AP0 WWW.AMAZON.CA, ON",04/18/2007,Entertainment,Expense,1535.77
"Point of Sale - Visa Debit INTL VISA DEB RETAIL PURCHASE BDS-INFO.CH 120906772646 20.00 USD @ 1.292000",07/17/2020,Food,Expense,3833.04
"Electronic Funds Transfer CREDIT MEMO CIBC-DISATF",04/22/2016,Accommodation,Income,5167.31
"Point of Sale - INTERAC RETAIL PURCHASE 000001001029 DOLLARAMA # 503",01/03/2019,Personal,Expense,6513.11
"Point of Sale - INTERAC RETAIL PURCHASE A0HT96SD0000 Five Guys",08/22/2003,Entertainment,Income,2287.32
"AMZN Mktp CA*2G4JL98T0 WWW.AMAZON.CA, ON",10/18/2002,Health,Expense,6631.33
"Point of Sale - Visa Debit VISA DEBIT RETAIL PURCHASE SKIPTHEDISHES 115202624941",03/04/2005,Utilities,Income,1554.24
"Internet Banking INTERNET TRANSFER 000000226259",07/26/2018,Health,Expense,8928.33
"MARY BROWNS #8002 WINNIPEG, MB",04/11/2019,Personal,Expense,3365.24
"Internet Banking E-TRANSFER 103932819240 Cs Tutoring",08/16/2005,Utilities,Expense,83.72
"SERVICE CHARGE",09/26/2006,Personal,Expense,3823.53
"Point of Sale - Visa Debit VISA DEBIT RETAIL PURCHASE WINNIPEG TRANSI 121498930642",04/22/2015,Accommodation,Expense,2960.15
"SOBEYS #5037 WINNIPEG, MB",05/30/2001,Personal,Expense,4062.47
"Point of Sale - Visa Debit VISA DEBIT RETAIL PURCHASE INSTACART 120723688008",07/26/2019,Utilities,Expense,9282.28
"Point of Sale - Visa Debit INT VISA DEB PURCHASE REVERSAL UBR* PENDING.UB 114720281741 17.39 CAD @ 1.000000",05/06/2006,Entertainment,Expense,5116.09
"Point of Sale - Visa Debit VISA DEBIT RETAIL PURCHASE SKIPTHEDISHES 128222143267",11/25/2015,Health,Expense,3990.38
"GREENCREST PHARMACY WINNIPEG MB",02/02/2003,Entertainment,Income,6291.54
"Point of Sale - Visa Debit VISA DEBIT RETAIL PURCHASE INSTACART 128319713380",06/21/2007,Food,Expense,8072.45
"Point of Sale - Visa Debit VISA DEBIT RETAIL PURCHASE WINNIPEG TRANSI 129710298809",02/07/2017,Utilities,Expense,9651.72
"Point of Sale - Visa Debit VISA DEBIT RETAIL PURCHASE SKIPTHEDISHES 128704270353",11/05/2007,Entertainment,Expense,966.95
"Internet Banking E-TRANSFER 103915794773 Nil",07/10/2015,Accommodation,Expense,761.36
"DOORDASH*7-ELEVEN DOWNTOWN TORO, ON",09/28/2006,Health,Income,1073.59
"Internet Banking E-TRANSFER 103904094175 divagar",08/23/2019,Utilities,Income,1102.42
"ST VITAL VISION CENTRE WINNIPEG MB",10/12/2008,Personal,Income,3220.36
"Point of Sale - Visa Debit VISA DEBIT PURCHASE REVERSAL INSTACART 119701211405",08/16/2014,Utilities,Income,9215.16
"Point of Sale - Visa Debit VISA DEBIT PURCHASE REVERSAL APPLE.COM/CA 215807003250",10/17/2000,Entertainment,Expense,8461.94
"Point of Sale - Visa Debit VISA DEBIT RETAIL PURCHASE DD 129904406741",03/11/2016,Utilities,Income,3130.89
"Internet Banking INTERNET TRANSFER 000000275767",11/01/2005,Entertainment,Expense,6386.25
"UNITED NATIONS HIG GENEVA",08/15/2004,Personal,Expense,3419.83
"Point of Sale - Visa Debit VISA DEBIT RETAIL PURCHASE AIR CAN* 112571064500",05/24/2005,Personal,Expense,4088.48
"AMZN Mktp CA*2L7ID8VF1 WWW.AMAZON.CA, ON",10/05/2016,Accommodation,Income,5983.42
"Internet Banking INTERNET TRANSFER 000000281600",11/28/2005,Health,Income,6569.89
"AMZN Mktp CA*WQ25P26Z3 WWW.AMAZON.CA, ON",11/10/2003,Accommodation,Income,7027.99
"Point of Sale - Visa Debit VISA DEBIT RETAIL PURCHASE U OF M STUDENTS 114222801307",08/25/2005,Accommodation,Income,7985.68
"DOORDASH*TIM HORTONS DOWNTOWN TOROON",02/02/2018,Utilities,Income,1484.65
"Internet Banking INTERNET TRANSFER 000000233939",03/22/2001,Accommodation,Income,235.80
"Internet Banking INTERNET TRANSFER 000000226377",05/21/2005,Food,Expense,4756.93
"Point of Sale - INTERAC RETAIL PURCHASE 000001280019 ULTRACUTS STORE",08/16/2019,Health,Income,7527.08
"AMZN Mktp CA*WQ25P26Z3 WWW.AMAZON.CA, ON",06/28/2006,Personal,Expense,3554.75
"DOORDASH*PIZZA HUT DOWNTOWN TORO, ON",05/14/2005,Personal,Expense,5496.23
"AMZN Mktp CA*2L93I8MI2 WWW.AMAZON.CA, ON",09/10/2011,Food,Expense,5693.21
"Point of Sale - Visa Debit VISA DEBIT RETAIL PURCHASE SKIPTHEDISHES 114722191577",10/24/2016,Utilities,Expense,5545.90
"Point of Sale - INTERAC RETAIL PURCHASE 000001280019 ULTRACUTS STORE",07/23/2015,Health,Expense,3436.84
"LaunchGood Inc. 855-9991947, MI 10.00 USD @ 1.289000",10/24/2004,Personal,Expense,2788.01
"Point of Sale - INTERAC RETAIL PURCHASE 000001001302 COINAMATIC CANA",11/21/2011,Entertainment,Income,1160.91
"Automated Banking Machine ATM DEPOSIT FORT RICHMOND SQ 2A12",08/30/2011,Food,Income,4384.33
"Point of Sale - Visa Debit VISA DEBIT RETAIL PURCHASE CINEPLEX #8030 128507513608",04/21/2015,Food,Income,3684.79
"Point of Sale - Visa Debit INTL VISA DEB RETAIL PURCHASE UBR* PENDING.UB 114720786149 19.39 CAD @ 1.000000",03/12/2003,Food,Income,1363.16
"Point of Sale - Visa Debit INT VISA DEB PURCHASE REVERSAL INSTACART 129013886157 120.00 CAD @ 1.000000",10/03/2002,Personal,Expense,6463.71
"Internet Banking INTERNET TRANSFER 000000262105",06/28/2010,Utilities,Income,7504.31
"Point of Sale - Visa Debit VISA DEBIT RETAIL PURCHASE APPLE.COM/BILL 115562225836",09/19/2015,Food,Income,6518.62
"Internet Banking INTERNET TRANSFER 000000220619",04/29/2013,Utilities,Expense,6898.65
"Point of Sale - Visa Debit VISA DEBIT RETAIL PURCHASE DOORDASH*MARBLE 119401668024",09/14/2005,Food,Expense,9136.23
"Point of Sale - Visa Debit VISA DEBIT RETAIL PURCHASE DOORDASH*TIM HO 125122780380",02/04/2020,Personal,Income,5005.00
"Automated Banking Machine ATM WITHDRAWAL FORT RICHMOND SQ 2A12",11/20/2004,Health,Expense,2503.22
"Point of Sale - Visa Debit VISA DEBIT PURCHASE REVERSAL PP*6750CODE 213107008052",02/15/2008,Food,Income,3754.53
"Internet Banking INTERNET TRANSFER 000000259703",06/15/2015,Utilities,Income,1274.39
"TIM HORTONS #8152 WINNIPEG MB",04/27/2005,Personal,Expense,2308.77
"Internet Banking INTERNET TRANSFER 000000233596",04/26/2007,Personal,Income,7156.28
"Internet Banking INTERNET TRANSFER 000000252936",05/29/2008,Food,Income,7446.36
"Point of Sale - INTERAC RETAIL PURCHASE 772001001002 7 ELEVEN STORE",07/20/2001,Food,Income,2000.31
"Point of Sale - Visa Debit VISA DEBIT RETAIL PURCHASE DD 129817280882",09/14/2000,Food,Income,3442.04
"Point of Sale - INTERAC RETAIL PURCHASE 000001529055 SOBEYS #5037",01/11/2016,Entertainment,Expense,7045.01
"Internet Banking INTERNET TRANSFER 000000217381",01/05/2019,Personal,Expense,4213.29
"Point of Sale - Visa Debit VISA DEBIT RETAIL PURCHASE SKIPTHEDISHES 115202624941",10/29/2000,Food,Income,8850.87
"Point of Sale - Visa Debit VISA DEBIT PURCHASE REVERSAL APPLE.COM/CA 215807003249",02/19/2008,Accommodation,Expense,3761.48
"Internet Banking E-TRANSFER 103931951869 Nil",03/27/2017,Utilities,Income,4179.21
"Internet Banking E-TRANSFER 103904096531 Nam Huy Bui",10/23/2013,Entertainment,Income,5951.06
"Point of Sale - INTERAC RETAIL PURCHASE 000001001303 UNICITY TAXI #",01/30/2004,Entertainment,Expense,9559.59
"Internet Banking E-TRANSFER 103933806689 Cs Tutoring",11/09/2014,Accommodation,Income,8033.49
"Internet Banking INTERNET TRANSFER 000000243363",02/16/2003,Entertainment,Income,7483.11
"Point of Sale - Visa Debit VISA DEBIT MERCHANDISE RET REV INSTACART 119701211405",06/25/2016,Utilities,Income,4448.10
"Internet Banking INTERNET TRANSFER 000000280230",07/09/2003,Personal,Income,2927.38
"AMZ*Amazon.ca WWW.AMAZON.CA, ON",01/30/2012,Personal,Income,7487.81
"Internet Banking E-TRANSFER 103937221713 Nil",02/03/2015,Utilities,Expense,764.64
"Point of Sale - Visa Debit VISA DEBIT RETAIL PURCHASE AMZN Mktp CA 129341124937",07/25/2013,Accommodation,Income,7423.45
"DOORDASH*PIZZA HUT DOWNTOWN TORO, ON",11/13/2011,Personal,Income,8031.24
"INSTACART HALIFAX MID-H, NS",02/22/2017,Accommodation,Expense,9495.29
"DOORDASH*MCDONALDS DOWNTOWN TORO, ON",07/06/2003,Food,Expense,1283.14
"PONY CORRAL RESTAURANT WINNIPEG MB",04/22/2014,Entertainment,Income,1385.72
"Point of Sale - Visa Debit VISA DEBIT RETAIL PURCHASE SKIPTHEDISHES 119401577236",08/29/2015,Health,Expense,8286.57
"Point of Sale - Visa Debit VISA DEBIT RETAIL PURCHASE DOORDASH*TIM HO 125122780380",06/20/2018,Personal,Expense,8775.37
"Point of Sale - Visa Debit VISA DEBIT RETAIL PURCHASE GOGOINFLIGHT* 112534098337",11/13/2017,Utilities,Income,6976.24
"Ding 73180577 Dublin",02/17/2007,Food,Expense,6110.70
"Electronic Funds Transfer PAY 7-ELEVEN CANADA 7-ELEVEN CANADA INC.",11/11/2016,Accommodation,Expense,8370.95
"Internet Banking INTERNET BILL PAY 000000232460 UNIVERSITY OF MANITOBA",01/05/2015,Entertainment,Income,5834.24
"Point of Sale - Visa Debit INTL VISA DEB RETAIL PURCHASE UBER *TRIP 115806783478 3.00 CAD @ 1.000000",01/26/2002,Personal,Income,484.82
"Point of Sale - Visa Debit VISA DEBIT RETAIL PURCHASE AMZN Mktp CA 114234127034",01/08/2018,Accommodation,Expense,3593.61
"AMZN Mktp CA*2C9PP0MR2 WWW.AMAZON.CAON",02/06/2019,Health,Income,2301.69
"Ding 73866562 Dublin",09/01/2011,Personal,Income,3707.81
"Point of Sale - Visa Debit VISA DEBIT RETAIL PURCHASE AMZN Mktp CA 116343132120",07/25/2004,Personal,Expense,14.81
"Internet Banking INTERNET TRANSFER 000000286580",05/26/2006,Utilities,Income,5104.35
"Point of Sale - Visa Debit VISA DEBIT RETAIL PURCHASE DOORDASH*TIM HO 120220634105",11/25/2014,Personal,Expense,4698.31
"Point of Sale - INTERAC RETAIL PURCHASE 000001134001 GREENWOODS DENT",05/30/2009,Entertainment,Income,5759.84
"AMZN Mktp CA*SR64P9QY3 WWW.AMAZON.CA, ON",05/27/2014,Personal,Expense,9836.55
"7-ELEVEN 17060 D2811 WINNIPEG MB",08/09/2000,Entertainment,Income,8996.20
"DOORDASH*7-ELEVEN DOWNTOWN TORO, ON",08/23/2002,Accommodation,Income,9338.44
"Telephone Banking Personal TELEPHONE TRANSFER000000017983",07/26/2008,Entertainment,Expense,9746.80
"Point of Sale - Visa Debit INT VISA DEB PURCHASE REVERSAL UBR* PENDING.UB T21187134271 12.89 CAD @ 1.000000",04/16/2016,Accommodation,Income,6623.12
"Internet Banking INTERNET TRANSFER 000000240361",11/08/2008,Food,Expense,1839.21
"LONDON DRUGS 66 WINNIPEG, MB",05/07/2018,Utilities,Income,1469.61
"Internet Banking E-TRANSFER RECLAIM010387129802",01/11/2005,Accommodation,Income,2013.62
"Point of Sale - Visa Debit VISA DEBIT MERCHANDISE RET REV INSTACART 112517341247",01/23/2016,Personal,Income,8412.05
"Internet Banking INTERNET BILL PAY 000000257907 MASTERCARD, BMO",10/10/2004,Entertainment,Expense,21.80
"Internet Banking INTERNET TRANSFER 000000230250",11/29/2006,Personal,Expense,4292.36
"Point of Sale - Visa Debit VISA DEBIT PURCHASE REVERSAL GOOGLE *Google 230807006268",10/22/2008,Personal,Income,2507.07
"Automated Banking Machine ATM WITHDRAWAL FORT RICHMOND SQ 2A12",05/09/2014,Accommodation,Expense,3198.30
"Internet Banking INTERNET BILL PAY 000000232460 UNIVERSITY OF MANITOBA",08/18/2010,Food,Income,5441.45
"Internet Banking INTERNET TRANSFER 000000275767",09/21/2014,Personal,Income,3754.78
"Electronic Funds Transfer CREDIT MEMO CIBC-DISATF",09/07/2007,Health,Expense,6479.53
"Branch Transaction WITHDRAWAL IBB FORT RICHMOND SQ BANKING CENTR",02/18/2005,Accommodation,Expense,5885.95
"PAYPAL *OZLEY LLC 4029357733, ON",03/29/2007,Health,Income,6006.09
"Internet Banking E-TRANSFER 103931951869 Nil",06/09/2020,Health,Income,3283.75
"Internet Banking INTERNET TRANSFER 000000283043",03/20/2017,Utilities,Expense,6463.58
"Point of Sale - Visa Debit VISA DEBIT RETAIL PURCHASE AMZN Mktp CA 120834678151",08/10/2002,Entertainment,Expense,9936.56
"Sony Interactive Enter 8003457669 CA",07/11/2015,Accommodation,Income,1461.64
"Point of Sale - INTERAC RETAIL PURCHASE 144001001014 EDO JAPAN - FOR",04/13/2005,Personal,Income,9802.52
"Point of Sale - Visa Debit VISA DEBIT RETAIL PURCHASE APPLE.COM/CA 114643288469",02/21/2001,Food,Expense,1877.93
"Internet Banking INTERNET BILL PAY 000000257907 MASTERCARD, BMO",02/01/2019,Personal,Expense,7415.70
"Internet Banking INTERNET TRANSFER 000000259703",07/16/2012,Health,Expense,8821.42
"PAYPAL *GHASSANALNA 4029357733, ON",10/21/2009,Personal,Expense,999.60
"Internet Banking E-TRANSFER 103782929527 Nil",03/04/2014,Food,Income,499.57
"Point of Sale - Visa Debit VISA DEBIT RETAIL PURCHASE PAYPAL *ABBYMAR 114420760500",08/04/2009,Accommodation,Income,218.42
"Point of Sale - Visa Debit CORRECTION PAYPAL *ABBYMAR 114420760500",08/13/2004,Utilities,Expense,7348.73
"SKIPTHEDISHES WINNIPEG, MB",02/02/2008,Utilities,Expense,2738.05
"SOUQ.COM CAIRO S. -07E 1199.00 EGP @ .086105",09/10/2018,Health,Income,7203.70
"Internet Banking INTERNET TRANSFER 000000285648",04/16/2005,Accommodation,Income,5071.03
"OVERLIMIT FEE",10/19/2019,Health,Income,8832.07
"Point of Sale - Visa Debit INTL VISA DEB RETAIL PURCHASE UBR* PENDING.UB 114720786149 19.39 CAD @ 1.000000",04/28/2005,Utilities,Income,6747.73
"Point of Sale - Visa Debit VISA DEBIT RETAIL PURCHASE ROGERS *** 120731656923",01/06/2004,Utilities,Expense,4098.73
"Internet Banking E-TRANSFER 103291836407 Nil 2",04/07/2014,Accommodation,Expense,1821.04
"Electronic Funds Transfer PREAUTHORIZED DEBIT PAYPAL",10/27/2005,Entertainment,Income,9545.95
"7-ELEVEN 17060 D2811 WINNIPEG, MB",11/03/2003,Utilities,Income,3368.23
"AMZN Mktp CA*2L7583XQ0 WWW.AMAZON.CA, ON",01/13/2005,Food,Income,1084.71
"AMZN Mktp CA*2G4JL98T0 WWW.AMAZON.CA, ON",06/19/2012,Accommodation,Expense,3005.33
"GREENCREST PHARMACY WINNIPEG MB",09/02/2015,Accommodation,Income,1150.24
"Point of Sale - Visa Debit VISA DEBIT RETAIL PURCHASE dbrand Order 129220350485",10/25/2003,Food,Expense,1373.96
"Point of Sale - Visa Debit VISA DEBIT RETAIL PURCHASE AMZN Mktp CA 114242229059",01/10/2016,Accommodation,Expense,4408.23
"Point of Sale - INTERAC RETAIL PURCHASE 815001001156 7 ELEVEN STORE",04/26/2001,Accommodation,Expense,3359.61
"Internet Banking E-TRANSFER 103835467191 kijiji controller user",10/09/2012,Food,Income,3369.59
"Point of Sale - Visa Debit VISA DEBIT RETAIL PURCHASE dbrand Order 033515380970",01/18/2020,Entertainment,Expense,6902.81
"Point of Sale - Visa Debit VISA DEBIT RETAIL PURCHASE DD 129221927298",04/22/2020,Accommodation,Expense,1003.37
"Point of Sale - Visa Debit INT VISA DEB PURCHASE REVERSAL INSTACART 122817474064 80.00 CAD @ 1.000000",03/12/2018,Accommodation,Expense,1746.66
"AMZN Mktp CA*WQ25P26Z3 WWW.AMAZON.CA, ON",07/11/2020,Food,Expense,8585.84
"REQUEST MONEY 010338709427 Floribert Kamabu",08/28/2016,Utilities,Income,817.02
"SHOPPING WITH POINTS/ACHA T PAR POINTS",11/11/2018,Health,Expense,1967.61
"OVER LIMIT FEE",11/03/2006,Personal,Income,8478.96
"Point of Sale - INTERAC RETAIL PURCHASE 000001001413 DOLLARAMA #1355",03/08/2018,Food,Income,5060.62
"Point of Sale - Visa Debit INT VISA DEB PURCHASE REVERSAL INSTACART 128319713380 75.00 CAD @ 1.000000",05/17/2012,Entertainment,Income,7990.88
"Point of Sale - INTERAC RETAIL PURCHASE 000001431182 SOBEYS #5037",06/26/2015,Entertainment,Expense,9803.51
"Point of Sale - INTERAC RETAIL PURCHASE 000001001302 COINAMATIC CANA",10/16/2018,Utilities,Expense,6206.32
"Internet Banking INTERNET TRANSFER 000000214441",03/27/2011,Utilities,Expense,8413.33
"Point of Sale - Visa Debit VISA DEBIT RETAIL PURCHASE SKIPTHEDISHES 130201721079",04/02/2013,Entertainment,Income,5668.26
"Point of Sale - Visa Debit VISA DEBIT RETAIL PURCHASE SKIPTHEDISHES 114621814150",09/06/2001,Accommodation,Income,1809.07
"AWL*PEARSON EDUCATION PRSONCS.COM, NJ 94.99 USD @ 1.250131",04/28/2009,Food,Expense,550.80
"Point of Sale - Visa Debit VISA DEBIT RETAIL PURCHASE Amazon Download 128543291383",02/04/2004,Health,Income,2160.53
"Point of Sale - Visa Debit VISA DEBIT RETAIL PURCHASE INSTACART 120723688008",05/04/2018,Food,Expense,5161.58
"Point of Sale - Visa Debit VISA DEBIT RETAIL PURCHASE APPLE.COM/BILL 110244018102",09/06/2016,Accommodation,Expense,2904.43
"TIM HORTONS #8152 WINNIPEG, MB",10/17/2005,Accommodation,Income,3992.60
"Internet Banking E-TRANSFER STOP 103291839668",08/06/2010,Personal,Income,1648.92
"LaunchGood Inc. 855-9991947, MI 10.00 USD @ 1.243000",01/29/2000,Health,Expense,1451.50
"Internet Banking INTERNET TRANSFER 000000233795",10/18/2015,Accommodation,Income,3549.05
"PAYMENT THANK YOU/PAIEMEN T MERCI",06/26/2000,Food,Expense,1993.63
"AMZN Mktp CA*2L93I8MI2 WWW.AMAZON.CA, ON",08/10/2004,Accommodation,Income,4357.77
"DOORDASH*RED FOOT KITC DOWNTOWN TORO, ON",09/06/2012,Entertainment,Expense,9555.49
"Point of Sale - Visa Debit VISA DEBIT MERCHANDISE RET REV INSTACART 119320576697",01/02/2014,Entertainment,Income,20.99
"Automated Banking Machine ATM WITHDRAWAL FORT RICHMOND SQ 2A12",10/03/2001,Entertainment,Expense,5614.27
"H&M ONLINE TORONTO, ON",01/10/2010,Food,Income,4781.51
"VIMEO.COM 646-470-8422, NY 10.00 USD @ 1.312000",01/01/2000,Accommodation,Expense,2878.96
"SOUQ.COM CAIRO S. -07E 1199.00 EGP @ .086105",08/09/2019,Accommodation,Income,9978.29
"Point of Sale - Visa Debit INT VISA DEB PURCHASE REVERSAL INSTACART 125122740760 60.00 CAD @ 1.000000",02/06/2006,Personal,Income,7917.73
"Internet Banking INTERNET TRANSFER 000000247264",03/30/2003,Utilities,Expense,6911.54
"CASH ADVANCE/AVANCE DE FO NDS",09/26/2002,Accommodation,Income,7084.32
"Ding 73180577 Dublin",07/03/2019,Entertainment,Expense,7601.25
"Point of Sale - Visa Debit VISA DEBIT RETAIL PURCHASE SKIPTHEDISHES 114722720851",11/27/2017,Personal,Expense,5739.05
"AMZN Mktp CA*2L2SG1VY1 WWW.AMAZON.CA, ON",11/11/2020,Food,Expense,1406.47
"INSTACART 8882467822, NS",08/20/2011,Personal,Expense,5194.23
"Internet Banking INTERNET BILL PAY 000000242901 MASTERCARD, BMO",04/26/2012,Utilities,Expense,6571.12
"Point of Sale - Visa Debit VISA DEBIT RETAIL PURCHASE UBER CANADA 128622894662",07/22/2012,Personal,Expense,7865.95
"Point of Sale - INTERAC RETAIL PURCHASE 000001001724 LONDON DRUGS 66",11/09/2019,Utilities,Income,9998.98
"Point of Sale - INTERAC RETAIL PURCHASE 000001001569 LONDON DRUGS 66",09/24/2000,Utilities,Expense,4075.67
"Internet Banking INTERNET TRANSFER 000000210291",01/22/2019,Personal,Income,5973.11
"UBER CANADA/UBERTRIP TORONTO, ON",03/14/2013,Entertainment,Income,1850.57
"Internet Banking INTERNET TRANSFER 000000262105",03/23/2008,Accommodation,Expense,4018.50
"Point of Sale - Visa Debit VISA DEBIT RETAIL PURCHASE DD 129817307906",10/15/2012,Health,Expense,8212.78
"Point of Sale - Visa Debit INTL VISA DEB RETAIL PURCHASE UBR* PENDING.UB 114720281741 17.39 CAD @ 1.000000",02/06/2016,Entertainment,Income,9452.04
"U OF M REGISTRARS WINNIPEG, MB",09/26/2006,Health,Expense,7904.88
"EPC*EPIC GAMES STORE 919-854-0070 59.99 USD @ 1.344390",08/06/2017,Utilities,Income,714.91
"Internet Banking INTERNET TRANSFER 000000277987",04/09/2001,Entertainment,Expense,4259.12
"Internet Banking INTERNET TRANSFER 000000246317",02/04/2005,Utilities,Expense,462.81
"Point of Sale - INTERAC RETAIL PURCHASE 124516329556 TIM HORTONS #81",11/25/2016,Entertainment,Income,2403.72
"Internet Banking INTERNET TRANSFER 000000256035",05/26/2013,Entertainment,Income,6590.25
"Point of Sale - Visa Debit INTL VISA DEB RETAIL PURCHASE SOUQ 033520005685 568.00 EGP @ 0.085616",07/19/2020,Food,Income,4420.46
"Point of Sale - Visa Debit VISA DEBIT MERCHANDISE RET REV INSTACART 112517341247",11/09/2010,Personal,Expense,3111.01
"Point of Sale - Visa Debit INTL VISA DEB RETAIL PURCHASE NOON 033513110581 700.00 EGP @ 0.085600",01/09/2016,Food,Expense,3108.89
"Internet Banking INTERNET BILL PAY 000000242901 MASTERCARD, BMO",06/27/2000,Food,Income,6986.16
"Internet Banking INTERNET TRANSFER 000000289816",07/10/2014,Health,Income,9808.36
"Point of Sale - Visa Debit INT VISA DEB PURCHASE REVERSAL INSTACART 129013886157 120.00 CAD @ 1.000000",11/07/2014,Accommodation,Income,6805.26
"Point of Sale - INTERAC RETAIL PURCHASE 874001001178 7 ELEVEN STORE",07/24/2001,Entertainment,Expense,8234.64
"LaunchGood Inc. 855-9991947, MI 10.00 USD @ 1.295000",02/13/2002,Personal,Expense,5819.11
"Point of Sale - Visa Debit VISA DEBIT RETAIL PURCHASE dbrand Order 033515540976",06/05/2014,Entertainment,Income,9168.19
"Point of Sale - INTERAC RETAIL PURCHASE 000001001303 UNICITY TAXI #",02/22/2017,Health,Income,4835.89
"AMZ*Amazon.ca WWW.AMAZON.CA, ON",05/30/2019,Personal,Expense,2678.22
"PAYMENT RECEIVED - THANK YOU",02/13/2000,Personal,Expense,7256.57
"Point of Sale - Visa Debit INTL VISA DEB RETAIL PURCHASE BDS-INFO.CH 120907700336 20.00 USD @ 1.292000",07/08/2003,Utilities,Expense,6674.27
"Point of Sale - Visa Debit VISA DEBIT PURCHASE REVERSAL INSTACART 119320576697",07/13/2001,Health,Income,6483.26
"STARBUCKS COFFEE #48192 WINNIPEG, MB",05/27/2014,Health,Income,2206.11
"Internet Banking E-TRANSFER 103931951354 Nam Huy Bui",04/22/2008,Food,Expense,7275.69
"DOORDASH*OH DOUGHNUTS DOWNTOWN TORO, ON",11/13/2007,Food,Income,6224.85
"AMZN Mktp CA*2L1RK2AP0 WWW.AMAZON.CA, ON",07/13/2016,Utilities,Income,6176.64
"Internet Banking INTERNET TRANSFER 000000246317",08/23/2016,Accommodation,Income,1862.59
"Point of Sale - Visa Debit VISA DEBIT RETAIL PURCHASE AIR CAN* 112571064500",11/21/2011,Health,Expense,2246.77
"APPLE.COM/US 800-676-2775, CA 10.00 USD @ 1.342000",07/29/2007,Entertainment,Income,2322.52
"Internet Banking E-TRANSFER 103931951354 Nam Huy Bui",07/28/2010,Accommodation,Expense,6878.22
"Internet Banking INTERNET TRANSFER 000000277987",02/22/2019,Food,Expense,43.21
"Internet Banking INTERNET TRANSFER 000000226377",06/08/2018,Utilities,Income,2566.92
"Point of Sale - Visa Debit INTL VISA DEB RETAIL PURCHASE INSTACART 122817474064 67.43 CAD @ 1.000000",07/18/2018,Utilities,Income,6194.40
"INSTACART HALIFAX MID-H, NS",06/23/2005,Personal,Expense,2219.86
"Point of Sale - Visa Debit VISA DEBIT RETAIL PURCHASE WINNIPEG TRANSI 121498930642",09/09/2009,Entertainment,Income,4420.08
"ST VITAL VISION CENTRE WINNIPEG MB",11/22/2005,Health,Expense,6.20
"Point of Sale - INTERAC RETAIL PURCHASE 000001001183 UNICITY TAXI #",02/07/2009,Personal,Expense,8195.49
"ST VITAL VISION CENTRE WINNIPEG MB",02/10/2014,Accommodation,Income,3837.95
"Point of Sale - Visa Debit VISA DEBIT RETAIL PURCHASE U OF M REGISTRA 114222247236",02/05/2011,Health,Expense,6950.75
"REQUEST MONEY 010338709427 Floribert Kamabu",08/14/2008,Food,Income,7069.26
"Internet Banking INTERNET TRANSFER 000000239616",01/22/2010,Utilities,Income,7026.28
"Electronic Funds Transfer CREDIT MEMO CIBC-DISATF",03/30/2020,Food,Income,1824.50
"Internet Banking INTERNET BILL PAY 000000284108 MASTERCARD, BMO",10/13/2012,Health,Expense,7619.25
"Point of Sale - Visa Debit VISA DEBIT RETAIL PURCHASE PAYPAL *RAGHDA 119618572370",05/22/2020,Health,Income,8529.19
"Ding 73179606 Dublin",05/16/2008,Food,Expense,1724.12
"Internet Banking E-TRANSFER 103835467191 kijiji controller user",07/19/2000,Entertainment,Expense,6594.81
"Point of Sale - Visa Debit INTL VISA DEB RETAIL PURCHASE UBR* PENDING.UB 114720786149 22.39 CAD @ 1.000000",01/06/2002,Accommodation,Expense,1398.56
"Point of Sale - Visa Debit VISA DEBIT RETAIL PURCHASE WINNIPEG TRANSI 121498930642",09/13/2014,Personal,Income,6403.46
"Point of Sale - Visa Debit VISA DEBIT RETAIL PURCHASE SKIPTHEDISHES 114722191577",04/22/2015,Accommodation,Income,3487.40
"AMZN Mktp CA*2C4GU87A1 WWW.AMAZON.CAON",07/16/2007,Health,Income,6629.09
"Internet Banking INTERNET TRANSFER 000000233795",09/08/2014,Food,Expense,4507.16
"Point of Sale - Visa Debit VISA DEBIT RETAIL PURCHASE PAYPAL *RAGHDA 123709541432",05/23/2011,Food,Expense,1189.70
"Point of Sale - INTERAC RETAIL PURCHASE 000001001184 UNICITY TAXI #",07/09/2000,Health,Expense,8620.34
"Point of Sale - INTERAC RETAIL PURCHASE 000001001302 COINAMATIC CANA",05/17/2020,Personal,Income,303.60
"Point of Sale - INTERAC RETAIL PURCHASE 000001134001 GREENWOODS DENT",11/21/2017,Food,Expense,3948.41
"Point of Sale - INTERAC RETAIL PURCHASE 124516329556 TIM HORTONS #81",09/18/2007,Utilities,Expense,4745.30
"Point of Sale - INTERAC RETAIL PURCHASE 000001001326 COINAMATIC CANA",02/19/2018,Personal,Income,2532.20
"Internet Banking INTERNET TRANSFER 000000260110",10/10/2006,Accommodation,Income,263.17
"Point of Sale - Visa Debit VISA DEBIT RETAIL PURCHASE SKIPTHEDISHES 114421482951",11/17/2013,Entertainment,Expense,5217.23
"DOORDASH*TIM HORTONS DOWNTOWN TOROON",04/22/2006,Utilities,Income,5804.79
"Point of Sale - Visa Debit INT VISA DEB PURCHASE REVERSAL INSTACART 128319713380 75.00 CAD @ 1.000000",01/21/2013,Entertainment,Income,8036.15
"Point of Sale - Visa Debit CORRECTION dbrand Order 033515540976",05/18/2000,Personal,Income,9567.75
"Internet Banking ",11/28/2001,Health,Income,8262.62
"Point of Sale - Visa Debit INTL VISA DEB RETAIL PURCHASE UBR* PENDING.UB 114720281741 17.39 CAD @ 1.000000",08/15/2019,Personal,Expense,3637.26
"Point of Sale - Visa Debit INTL VISA DEB RETAIL PURCHASE SP * PALIROOTS 114620880842 37.00 USD @ 1.238378",01/06/2006,Utilities,Income,5414.50
"Internet Banking INTERNET TRANSFER 000000224660",04/21/2016,Utilities,Income,353.11
"Point of Sale - INTERAC RETAIL PURCHASE 000001215003 UPS STORE #189",10/27/2003,Utilities,Expense,3409.31
"Internet Banking E-TRANSFER 103835467191 kijiji controller user",05/01/2014,Accommodation,Income,7398.19
"Point of Sale - Visa Debit INTL VISA DEB RETAIL PURCHASE INSTACART 129222472965 28.03 CAD @ 1.000000",10/09/2018,Personal,Income,8440.05
"TIM HORTONS #2856 WINNIPEG, MB",05/14/2017,Entertainment,Income,2773.59
"Point of Sale - Visa Debit VISA DEBIT RETAIL PURCHASE SKIPTHEDISHES 119300358087",04/21/2017,Health,Expense,9303.25
"Point of Sale - Visa Debit INT VISA DEB PURCHASE REVERSAL INSTACART 125122740760 60.00 CAD @ 1.000000",11/03/2009,Food,Expense,9262.14
"Internet Banking INTERNET TRANSFER 000000217381",10/20/2010,Personal,Income,9850.88
"Internet Banking E-TRANSFER STOP SC103291839668",04/21/2008,Health,Expense,989.63
"Point of Sale - Visa Debit INTL VISA DEB RETAIL PURCHASE BDS-INFO.CH 120906772646 20.00 USD @ 1.292000",08/22/2007,Personal,Expense,1781.82
"Point of Sale - Visa Debit INTL VISA DEB RETAIL PURCHASE INSTACART 125122740760 49.63 CAD @ 1.000000",06/22/2016,Food,Income,3388.48
"Point of Sale - Visa Debit VISA DEBIT PURCHASE REVERSAL INSTACART 120723688008",06/25/2015,Accommodation,Income,6813.00
"Internet Banking E-TRANSFER 103931951869 Nil",11/17/2018,Entertainment,Income,6730.26
"Point of Sale - INTERAC RETAIL PURCHASE 730001001074 7 ELEVEN STORE",01/17/2015,Utilities,Income,1996.29
"Point of Sale - Visa Debit VISA DEBIT RETAIL PURCHASE U OF M REGISTRA 123621211044",01/14/2008,Health,Income,1365.58
"DOORDASH*7-ELEVEN DOWNTOWN TORO, ON",07/22/2005,Health,Income,492.28
"Internet Banking INTERNET TRANSFER 000000230250",09/02/2008,Personal,Expense,4627.43
"Point of Sale - INTERAC RETAIL PURCHASE 000001001569 LONDON DRUGS 66",04/04/2002,Health,Income,3745.67
"SERVICE CHARGE",05/24/2000,Personal,Expense,8320.21
"Point of Sale - Visa Debit VISA DEBIT RETAIL PURCHASE SKIPTHEDISHES 128600189632",10/15/2020,Health,Expense,460.01
"Point of Sale - Visa Debit VISA DEBIT RETAIL PURCHASE UBER CANADA 128622894662",09/25/2000,Personal,Expense,2853.04
"LaunchGood Inc. 855-9991947, MI 10.00 USD @ 1.243000",07/19/2010,Food,Expense,7484.98
"Point of Sale - Visa Debit INTL VISA DEB RETAIL PURCHASE INSTACART 124323231129 129.00 CAD @ 1.000000",07/07/2018,Personal,Income,4054.94
"Point of Sale - Visa Debit INT VISA DEB PURCHASE REVERSAL INSTACART 128319713380 75.00 CAD @ 1.000000",04/17/2004,Accommodation,Expense,3783.26
"Internet Banking INTERNET TRANSFER 000000239148",06/13/2012,Entertainment,Expense,6523.81
"Internet Banking INTERNET TRANSFER 000000233596",07/27/2017,Health,Income,3880.88
"Point of Sale - Visa Debit INT VISA DEB PURCHASE REVERSAL INSTACART 122817474064 80.00 CAD @ 1.000000",11/18/2012,Accommodation,Expense,8749.65
"Internet Banking INTERNET TRANSFER 000000281600",06/14/2015,Personal,Expense,8721.65
"Point of Sale - Visa Debit INTL VISA DEB RETAIL PURCHASE BDS-INFO.CH 120906774319 20.00 USD @ 1.292000",01/05/2017,Health,Income,4596.71
"Internet Banking INTERNET BILL PAY 000000248281 MASTERCARD, BMO",01/17/2008,Health,Income,6108.08
"Point of Sale - INTERAC RETAIL PURCHASE 000001215012 UPS STORE #189",06/25/2018,Personal,Expense,860.21
"Internet Banking INTERNET TRANSFER 000000277819",06/01/2007,Accommodation,Income,9819.19
"Automated Banking Machine ATM WITHDRAWAL GTAA T-1 DEPARTURE L-2 3A51",03/16/2011,Personal,Expense,1387.17
"Point of Sale - INTERAC CORRECTION 000653170804 ST VITAL VISION",05/01/2001,Entertainment,Expense,5613.06
"AMZN Mktp CA*2L7583XQ0 WWW.AMAZON.CA, ON",08/08/2007,Entertainment,Income,891.67
"Ding 73179606 Dublin",11/27/2008,Utilities,Income,637.21
"Point of Sale - Visa Debit VISA DEBIT RETAIL PURCHASE ROGERS *** 125633176134",03/10/2020,Food,Expense,722.44
"Point of Sale - INTERAC RETAIL PURCHASE 125215434629 TIM HORTONS #01",03/07/2014,Health,Income,4707.39
"Point of Sale - Visa Debit INT VISA DEB PURCHASE REVERSAL UBR* PENDING.UB 114720281741 17.39 CAD @ 1.000000",11/20/2001,Health,Expense,1307.51
"Internet Banking INTERNET BILL PAY 000000277385 UNIVERSITY OF MANITOBA",08/29/2011,Entertainment,Income,4292.46
"AMZN Mktp CA*2R9IA3ZW2 WWW.AMAZON.CA, ON",09/14/2017,Accommodation,Expense,3922.91
"Point of Sale - Visa Debit CORRECTION dbrand Order 033515380970",03/30/2011,Accommodation,Expense,5141.23
"Point of Sale - Visa Debit INT VISA DEB PURCHASE REVERSAL INSTACART 124323231129 140.00 CAD @ 1.000000",10/16/2006,Food,Expense,1701.48
"Point of Sale - INTERAC RETAIL PURCHASE 125215434629 TIM HORTONS #01",04/03/2001,Utilities,Income,6873.71
"Telephone Banking Personal TELEPHONE TRANSFER000000017983",07/27/2001,Food,Expense,5212.05
"AMZN Mktp CA*2L93I8MI2 WWW.AMAZON.CA, ON",10/25/2014,Food,Expense,1107.66
"Internet Banking INTERNET TRANSFER 000000218634",09/02/2014,Entertainment,Income,6682.45
"DOLLARAMA #1286 WINNIPEG MB",05/19/2013,Food,Expense,4942.17
"Point of Sale - Visa Debit VISA DEBIT RETAIL PURCHASE WINNIPEG TRANSI 121498930642",02/19/2018,Health,Expense,737.99
"Internet Banking E-TRANSFER 103835467191 kijiji controller user",09/12/2012,Personal,Expense,9417.09
"Point of Sale - Visa Debit VISA DEBIT PURCHASE REVERSAL INSTACART 119320576697",07/20/2010,Entertainment,Expense,6935.50
"INSTACART SUBSCRIPTION HALIFAX MID-H, NS",11/20/2016,Utilities,Expense,935.17
"Point of Sale - Visa Debit VISA DEBIT RETAIL PURCHASE INSTACART 120723688008",04/19/2006,Personal,Income,3790.99
"INTEREST ADVANCES",01/13/2017,Health,Income,1980.14
"Internet Banking INTERNET BILL PAY 000000238398 UNIVERSITY OF MANITOBA",10/30/2004,Utilities,Income,5333.27
"Point of Sale - Visa Debit INT VISA DEB PURCHASE REVERSAL UBR* PENDING.UB T21187134271 12.89 CAD @ 1.000000",07/05/2007,Accommodation,Expense,389.26
"Point of Sale - Visa Debit VISA DEBIT RETAIL PURCHASE APPLE.COM/CA 114643288469",09/04/2020,Entertainment,Expense,8697.84
"Point of Sale - Visa Debit VISA DEBIT RETAIL PURCHASE SKIPTHEDISHES 119523616250",11/19/2002,Personal,Income,6101.82
"Internet Banking INTERNET TRANSFER 000000242922",05/18/2015,Entertainment,Income,8919.34
"Point of Sale - Visa Debit VISA DEBIT RETAIL PURCHASE AIR CAN* 112571064500",08/19/2018,Personal,Income,7912.09
"Point of Sale - Visa Debit INT VISA DEB PURCHASE REVERSAL APPLE.COM/BILL T21007062033 39.18 CAD @ 1.000000",08/03/2001,Accommodation,Expense,6407.45
"Point of Sale - Visa Debit INT VISA DEB PURCHASE REVERSAL UBER *TRIP T21166833400 3.00 CAD @ 1.000000",10/19/2006,Entertainment,Income,4641.55
"PONY CORRAL RESTAURANT WINNIPEG MB",10/24/2020,Personal,Income,9465.20
"Point of Sale - Visa Debit VISA DEBIT RETAIL PURCHASE SKIPTHEDISHES 119523616250",02/19/2013,Entertainment,Income,4060.09
"UBER CANADA/UBERTRIP TORONTO, ON",11/01/2004,Utilities,Expense,9628.09
"Point of Sale - Visa Debit VISA DEBIT RETAIL PURCHASE SKIPTHEDISHES 130201721079",11/18/2013,Food,Income,8343.61
"Point of Sale - Visa Debit VISA DEBIT RETAIL PURCHASE PAYPAL *RAGHDA 128711822579",02/02/2001,Food,Income,5403.05
"Point of Sale - Visa Debit VISA DEBIT MERCHANDISE RET REV INSTACART 112601145020",10/10/2002,Food,Expense,5699.06
"Point of Sale - Visa Debit VISA DEBIT RETAIL PURCHASE U OF M REGISTRA 123621211044",09/03/2016,Personal,Income,4442.43
"Sony Interactive Enter 8003457669 CA",02/20/2012,Utilities,Income,134.12
"Internet Banking E-TRANSFER 103927439111 Nil",06/12/2013,Health,Income,8998.71
"Point of Sale - INTERAC RETAIL PURCHASE 000001001824 GREENWOODS DENT",05/13/2014,Food,Income,2275.72
"Point of Sale - Visa Debit CORRECTION dbrand Order 033515540976",07/27/2006,Health,Expense,3351.15
"Branch Transaction WITHDRAWAL IBB FORT RICHMOND SQ BANKING CENTR",08/10/2001,Entertainment,Income,6885.07
"Point of Sale - Visa Debit VISA DEBIT RETAIL PURCHASE PAYPAL *ASEELSA 130519882534",09/05/2002,Utilities,Income,476.53
"UBR* PENDING.UBER.COM AMSTERDAM, ON",06/27/2006,Health,Income,7917.60
"Point of Sale - Visa Debit VISA DEBIT RETAIL PURCHASE WWW.IKEA.CA 128415214343",09/27/2009,Personal,Income,4887.00
"DOORDASH*WAKO SUSHI CA DOWNTOWN TORO, ON",11/13/2015,Accommodation,Income,4060.29
"Point of Sale - Visa Debit VISA DEBIT RETAIL PURCHASE AMZN Mktp CA 116241781183",06/07/2005,Utilities,Income,3972.09
"Internet Banking INTERNET TRANSFER 000000246729",07/02/2012,Health,Income,9933.53
"Point of Sale - Visa Debit INTL VISA DEB RETAIL PURCHASE SOUQ 033520005685 568.00 EGP @ 0.085616",05/18/2007,Health,Income,3691.22
"Internet Banking INTERNET TRANSFER 000000249325",09/27/2014,Personal,Income,3368.90
"Point of Sale - Visa Debit VISA DEBIT PURCHASE REVERSAL AMZ*Rankie CA 215207007894",01/21/2004,Food,Expense,2332.22
"WAL-MART SUPERCENTER#3119 WINNIPEG, MB",01/10/2004,Utilities,Expense,1901.43
"Internet Banking INTERNET TRANSFER 000000283043",08/13/2020,Accommodation,Expense,9441.94
"Point of Sale - Visa Debit VISA DEBIT PURCHASE REVERSAL GOOGLE *Google 230807006268",09/16/2011,Personal,Income,5680.47
"Point of Sale - Visa Debit VISA DEBIT RETAIL PURCHASE SKIPTHEDISHES 120220289489",08/28/2017,Food,Income,2873.99
"Point of Sale - INTERAC RETAIL PURCHASE 297001001049 7-ELEVEN 17060",04/17/2020,Health,Expense,5367.98
"SOBEYS #5037 WINNIPEG MB",11/20/2006,Personal,Expense,8842.80
"TIM HORTONS #8152 WINNIPEG MB",10/24/2000,Health,Income,6785.04
"Point of Sale - INTERAC RETAIL PURCHASE 000001714027 KIMCHI",04/29/2017,Utilities,Income,6139.10
"Point of Sale - Visa Debit VISA DEBIT RETAIL PURCHASE WINNIPEG TRANSI 129710298809",11/23/2018,Health,Income,3400.76
"7-ELEVEN 17060 D2811 WINNIPEG MB",04/11/2005,Food,Expense,1860.65
"UBER *TRIP HELP.UBER.COMNLD",03/16/2020,Entertainment,Expense,5728.08
"Point of Sale - Visa Debit VISA DEBIT RETAIL PURCHASE AMZN Mktp CA 116343132146",09/28/2001,Food,Income,6112.53
"Point of Sale - Visa Debit VISA DEBIT RETAIL PURCHASE SKIPTHEDISHES 114222113411",02/03/2004,Health,Expense,8417.61
"Point of Sale - INTERAC RETAIL PURCHASE 000001431182 SOBEYS #5037",04/08/2012,Personal,Expense,9690.83
"AMZN Mktp CA*2G8R57Z62 WWW.AMAZON.CA, ON",01/17/2000,Food,Expense,1070.12
"IKEA WINNIPEG #249 BURLINGTON, ON",10/20/2015,Health,Expense,7464.95
"Internet Banking E-TRANSFER 103835467191 kijiji controller user",09/17/2005,Health,Income,5901.54
"Point of Sale - Visa Debit VISA DEBIT RETAIL PURCHASE GOGOINFLIGHT* 112534098337",09/02/2010,Entertainment,Income,3956.89
"AMZN Mktp CA*2G4JL98T0 WWW.AMAZON.CA, ON",11/29/2005,Personal,Income,8813.41
"Automated Banking Machine ATM WITHDRAWAL FORT RICHMOND SQ 2A12",05/21/2007,Personal,Income,983.99
"Point of Sale - Visa Debit VISA DEBIT RETAIL PURCHASE SKIPTHEDISHES 119523616250",05/16/2007,Utilities,Income,7130.58
"Point of Sale - Visa Debit INTL VISA DEB RETAIL PURCHASE UBR* PENDING.UB 114720281741 20.39 CAD @ 1.000000",02/19/2006,Utilities,Income,7484.60
"Point of Sale - Visa Debit VISA DEBIT RETAIL PURCHASE DD 130101408181",07/22/2003,Health,Income,2594.19
"Internet Banking E-TRANSFER 103808804769 Nil",04/14/2002,Entertainment,Income,3036.29
"Point of Sale - Visa Debit INT VISA DEB PURCHASE REVERSAL UBR* PENDING.UB 114720786149 19.39 CAD @ 1.000000",03/30/2009,Entertainment,Expense,5710.51
"Internet Banking INTERNET TRANSFER 000000275767",04/09/2003,Utilities,Income,8600.20
"Ding 73180577 Dublin",01/26/2014,Health,Expense,1179.57
"Point of Sale - Visa Debit VISA DEBIT RETAIL PURCHASE PAYPAL *RAGHDA 121616350114",01/28/2001,Personal,Income,1751.78
"DOORDASH*TIM HORTONS DOWNTOWN TOROON",07/21/2009,Utilities,Expense,3465.12
"Internet Banking E-TRANSFER 103890816362 Nil",01/26/2007,Food,Expense,5741.30
"Point of Sale - Visa Debit VISA DEBIT RETAIL PURCHASE INSTACART 119701211405",04/22/2017,Food,Expense,3989.56
"PAYPAL *GHASSANALNA 4029357733, ON",01/03/2004,Health,Income,5841.26
"AMZN Mktp CA*2G4JL98T0 WWW.AMAZON.CA, ON",09/04/2001,Utilities,Expense,7520.64
"Point of Sale - Visa Debit INTL VISA DEB RETAIL PURCHASE UBR* PENDING.UB 114720281741 20.39 CAD @ 1.000000",09/26/2010,Food,Income,9409.93
"Point of Sale - Visa Debit VISA DEBIT RETAIL PURCHASE APPLE.COM/BILL 115244629060",08/11/2004,Personal,Income,5298.29
"Point of Sale - INTERAC RETAIL PURCHASE 000001140007 UPS STORE #189",11/24/2001,Accommodation,Expense,3221.59
"Internet Banking E-TRANSFER 103893663933 CARLI ALECIA-MARIE MCNABB",11/23/2006,Health,Expense,9703.56
"Point of Sale - Visa Debit INT VISA DEB PURCHASE REVERSAL INSTACART 125122740760 60.00 CAD @ 1.000000",03/10/2009,Health,Income,7081.22
"Point of Sale - Visa Debit INTL VISA DEB RETAIL PURCHASE Patreon* Member 118207718434 27.00 USD @ 1.273704",04/19/2014,Accommodation,Income,6383.22
"Point of Sale - Visa Debit VISA DEBIT RETAIL PURCHASE DD 130101408181",10/01/2020,Personal,Income,3559.74
"Internet Banking INTERNET TRANSFER 000000280230",04/24/2013,Entertainment,Income,1050.46
"PONY CORRAL RESTAURANT WINNIPEG MB",03/25/2011,Health,Expense,8898.84
"Point of Sale - Visa Debit VISA DEBIT RETAIL PURCHASE APPLE.COM/BILL 115135455508",04/04/2018,Personal,Income,6797.28
"Point of Sale - INTERAC RETAIL PURCHASE 860001001001 7 ELEVEN STORE",06/13/2011,Utilities,Expense,8299.22
"SQ *OH DOUGHNUTS gosq.com MB",05/08/2016,Accommodation,Expense,2558.91
"PAYPAL *ASEELSAFI14 4029357733, ON",10/18/2017,Accommodation,Expense,2942.07
"Point of Sale - Visa Debit VISA DEBIT RETAIL PURCHASE DD 129521971315",10/20/2006,Accommodation,Expense,8537.81
"Internet Banking INTERNET TRANSFER 000000274346",11/17/2012,Utilities,Expense,3968.93
"Branch Transaction CREDIT MEMO",05/16/2012,Utilities,Income,7164.60
"Point of Sale - Visa Debit VISA DEBIT RETAIL PURCHASE WU *8987807342 114434941244",08/17/2004,Personal,Expense,128.76
"AMZN Mktp CA*2R17U8FM2 WWW.AMAZON.CA, ON",08/07/2011,Accommodation,Expense,6325.16
"Point of Sale - Visa Debit INT VISA DEB PURCHASE REVERSAL INSTACART 125122740760 60.00 CAD @ 1.000000",05/13/2002,Health,Income,1109.98
"AMZN Mktp CA*2C9PP0MR2 WWW.AMAZON.CAON",04/28/2003,Food,Expense,7974.83
"Point of Sale - INTERAC RETAIL PURCHASE 124122872769 TIM HORTONS #81",04/19/2009,Food,Expense,7903.68
"Point of Sale - Visa Debit INTL VISA DEB RETAIL PURCHASE UBR* PENDING.UB 114720786149 22.39 CAD @ 1.000000",11/07/2000,Entertainment,Expense,6736.77
"Point of Sale - Visa Debit INTL VISA DEB RETAIL PURCHASE INSTACART 129222472965 28.03 CAD @ 1.000000",07/24/2003,Utilities,Expense,8089.04
"Point of Sale - Visa Debit VISA DEBIT RETAIL PURCHASE CINEPLEX #8030 121297656970",05/23/2020,Food,Income,6533.52
"OVERLIMIT FEE ON BAL $ 1361.43",10/05/2015,Health,Expense,9504.08
"Point of Sale - Visa Debit VISA DEBIT RETAIL PURCHASE SKIPTHEDISHES 114722191577",10/16/2002,Personal,Income,445.37
"LaunchGood Inc. 855-9991947, MI 10.00 USD @ 1.252000",01/11/2014,Personal,Expense,6214.43
"Internet Banking INTERNET BILL PAY 000000211857 MASTERCARD, BMO",06/06/2011,Personal,Expense,9281.35
"Branch Transaction CREDIT MEMO",03/21/2013,Food,Income,2541.09
"Point of Sale - Visa Debit VISA DEBIT RETAIL PURCHASE U OF M REGISTRA 123621211044",02/23/2008,Accommodation,Income,7370.97
"Point of Sale - Visa Debit VISA DEBIT RETAIL PURCHASE APPLE.COM/BILL 115161790291",09/13/2008,Accommodation,Income,6388.01
"Internet Banking INTERNET TRANSFER 000000252936",11/07/2006,Utilities,Expense,2298.70
"Point of Sale - Visa Debit VISA DEBIT RETAIL PURCHASE AMZN Mktp CA 114234127034",09/17/2004,Entertainment,Income,5129.30
"Point of Sale - Visa Debit VISA DEBIT RETAIL PURCHASE SKIPTHEDISHES 119820331428",08/28/2006,Health,Income,1288.03
"AMZN Mktp CA*2L7JZ85B2 WWW.AMAZON.CA, ON",10/12/2007,Entertainment,Income,7135.24
"Internet Banking INTERNET TRANSFER 000000268205",05/12/2020,Accommodation,Income,3016.69
"Point of Sale - Visa Debit VISA DEBIT RETAIL PURCHASE SKIPTHEDISHES 128600189632",03/23/2020,Personal,Expense,5243.94
"UBER* PENDING TORONTO ON",09/24/2008,Entertainment,Expense,4409.16
"Point of Sale - Visa Debit VISA DEBIT RETAIL PURCHASE GOGOINFLIGHT* 112534098337",11/01/2008,Accommodation,Expense,6996.83
"Point of Sale - Visa Debit VISA DEBIT RETAIL PURCHASE ROGERS *** 115231539541",01/14/2006,Food,Expense,6626.40
"PAYMENT PROTECTOR PREMIUM TAX",09/23/2012,Health,Expense,3355.80
"Internet Banking E-TRANSFER 103931951354 Nam Huy Bui",11/12/2019,Entertainment,Expense,1685.68
"SP * MOFTGLOBAL HTTPSMOFTGLOB, CA 69.15 USD @ 1.260014",01/01/2008,Accommodation,Expense,5675.86
"Point of Sale - Visa Debit VISA DEBIT RETAIL PURCHASE APPLE.COM/BILL 115161790291",06/11/2020,Utilities,Expense,3582.06
"Electronic Funds Transfer PREAUTHORIZED DEBIT PAYPAL",01/08/2020,Utilities,Income,2139.24
"Point of Sale - Visa Debit VISA DEBIT RETAIL PURCHASE SKIPTHEDISHES 130615291106",02/25/2017,Personal,Income,242.63
"Point of Sale - Visa Debit VISA DEBIT RETAIL PURCHASE DOORDASH*CINNAH 119300812554",07/08/2003,Health,Expense,1047.56
"UBER CANADA/UBERTRIP TORONTO, ON",05/11/2006,Utilities,Expense,3243.07
"Point of Sale - INTERAC RETAIL PURCHASE 857001001125 7 ELEVEN STORE",11/04/2000,Utilities,Expense,4130.29
"Point of Sale - Visa Debit VISA DEBIT PURCHASE REVERSAL H&M ONLINE 225707013470",11/10/2013,Personal,Expense,482.62
"Point of Sale - Visa Debit INTL VISA DEB RETAIL PURCHASE UBER *TRIP 115806783478 3.00 CAD @ 1.000000",11/19/2009,Personal,Expense,8761.23
"LaunchGood Inc. 855-9991947, MI 10.00 USD @ 1.295000",02/21/2000,Food,Income,9925.82
"Point of Sale - Visa Debit VISA DEBIT RETAIL PURCHASE H&M ONLINE 123521470714",03/17/2019,Food,Expense,7944.90
"AMZ*Farmar Direct WWW.AMAZON.CA, ON",09/03/2015,Personal,Income,7421.86
"OVERLIMIT FEE ON BAL $ 1437.17",05/23/2008,Entertainment,Expense,6103.07
"Point of Sale - Visa Debit VISA DEBIT MERCHANDISE RET REV INSTACART 112601145020",07/19/2000,Food,Income,5168.02
"Internet Banking INTERNET TRANSFER 000000289816",01/08/2002,Entertainment,Income,7987.33
"Point of Sale - Visa Debit VISA DEBIT RETAIL PURCHASE SKIPTHEDISHES 128600189632",04/22/2011,Personal,Expense,95.96
"Internet Banking E-TRANSFER STOP 103291839668",05/07/2017,Food,Income,6158.53
"PAYMENT PROTECTOR PREMIUM 800-893-2862",03/01/2019,Entertainment,Income,1359.27
"TIM HORTONS #8152 WINNIPEG, MB",09/17/2016,Personal,Income,4481.35
"Point of Sale - Visa Debit INTL VISA DEB RETAIL PURCHASE BDS-INFO.CH 120906772646 20.00 USD @ 1.292000",04/10/2013,Food,Expense,7342.41
"Internet Banking INTERNET TRANSFER 000000248000",05/29/2015,Health,Income,8364.29
"Point of Sale - INTERAC RETAIL PURCHASE 772001001002 7 ELEVEN STORE",04/18/2014,Accommodation,Income,8721.20
"Internet Banking INTERNET TRANSFER 000000285225",09/09/2013,Health,Expense,1974.50
"Point of Sale - Visa Debit VISA DEBIT RETAIL PURCHASE UBER CANADA 128622894662",09/04/2000,Entertainment,Income,2272.15
"UBER CANADA/UBERTRIP TORONTO, ON",02/22/2020,Food,Income,6256.41
"Point of Sale - Visa Debit VISA DEBIT RETAIL PURCHASE APPLE.COM/BILL 115764263401",08/16/2006,Health,Expense,5015.41
"Point of Sale - Visa Debit INT VISA DEB PURCHASE REVERSAL INSTACART 128319713380 75.00 CAD @ 1.000000",04/03/2009,Personal,Expense,1939.10
"AMZN Mktp CA*2L2SG1VY1 WWW.AMAZON.CA, ON",06/05/2015,Utilities,Expense,8181.35
"Internet Banking E-TRANSFER 103935295283 Nil",01/23/2012,Entertainment,Expense,1440.57
"Internet Banking INTERNET TRANSFER 000000280436",01/02/2005,Entertainment,Income,3946.29
"Internet Banking INTERNET TRANSFER 000000252936",05/28/2018,Entertainment,Income,6552.09
"Point of Sale - Visa Debit VISA DEBIT RETAIL PURCHASE INSTACART 129013886157",10/15/2018,Personal,Expense,9552.51
"Point of Sale - Visa Debit VISA DEBIT RETAIL PURCHASE AIR CAN* 112571064500",10/25/2011,Utilities,Income,6773.20
"Point of Sale - Visa Debit INTL VISA DEB RETAIL PURCHASE NOON 033513110581 700.00 EGP @ 0.085600",07/15/2000,Personal,Income,3365.63
"Internet Banking INTERNET TRANSFER 000000239266",11/13/2016,Food,Expense,5312.42
"Point of Sale - Visa Debit VISA DEBIT RETAIL PURCHASE APPLE.COM/BILL 115135455508",02/12/2002,Entertainment,Expense,3959.84
"Point of Sale - Visa Debit VISA DEBIT RETAIL PURCHASE SKIPTHEDISHES 128600189632",09/12/2007,Health,Expense,1826.51
"DOORDASH*7-ELEVEN DOWNTOWN TORO, ON",04/07/2013,Personal,Income,1404.85
"Point of Sale - Visa Debit VISA DEBIT RETAIL PURCHASE PAYPAL *DBRAND 033516821111",09/06/2002,Utilities,Income,2734.08
"AMZN Mktp CA*2L84Y3JX0 WWW.AMAZON.CA, ON",06/05/2015,Accommodation,Expense,2964.18
"Internet Banking E-TRANSFER 103915794773 Nil",03/01/2020,Food,Expense,3634.46
"SQ *OH DOUGHNUTS gosq.com MB",02/21/2014,Accommodation,Income,2773.50
"Internet Banking INTERNET TRANSFER 000000220619",11/18/2008,Accommodation,Expense,5110.18
"Point of Sale - Visa Debit VISA DEBIT RETAIL PURCHASE DD 129904406741",05/04/2000,Food,Expense,6350.59
"Sony Interactive Enter 8003457669 CA",01/25/2019,Accommodation,Expense,8240.78
"Point of Sale - INTERAC RETAIL PURCHASE 000001431182 SOBEYS #5037",02/02/2017,Health,Income,6113.75
"FAMOUS PLAYER 2402QPS WINNIPEG MB",03/30/2017,Health,Expense,1405.04
"Point of Sale - INTERAC RETAIL PURCHASE 144001001014 EDO JAPAN - FOR",08/02/2013,Utilities,Expense,8797.39
"Point of Sale - Visa Debit INTL VISA DEB RETAIL PURCHASE INSTACART 124323231129 129.00 CAD @ 1.000000",07/05/2017,Personal,Expense,796.24
"Internet Banking INTERNET TRANSFER 000000219008",11/21/2020,Health,Income,9962.32
"Point of Sale - Visa Debit INT VISA DEB PURCHASE REVERSAL UBR* PENDING.UB 115806783478 12.41 CAD @ 1.000000",11/29/2011,Health,Expense,9813.97
"Point of Sale - INTERAC RETAIL PURCHASE 000001001326 COINAMATIC CANA",02/14/2010,Health,Expense,6849.09
"Point of Sale - INTERAC RETAIL PURCHASE 000001001184 UNICITY TAXI #",01/07/2014,Accommodation,Expense,1742.71
"Cashback/Remises CR",08/25/2007,Personal,Income,1548.24
"Point of Sale - INTERAC RETAIL PURCHASE 000001130002 GREENWOODS DENT",02/17/2012,Health,Income,450.35
"Point of Sale - Visa Debit INTL VISA DEB RETAIL PURCHASE PIZZA PIZZA LTD T21257248801 30.07 CAD @ 1.000000",04/24/2013,Food,Income,4522.77
"Point of Sale - Visa Debit VISA DEBIT RETAIL PURCHASE DD 129220611555",10/30/2004,Accommodation,Expense,8312.04
"AMZN Mktp CA*2L84Y3JX0 WWW.AMAZON.CA, ON",07/23/2017,Personal,Expense,7092.46
"Branch Transaction OVERDRAFT INTEREST CHARGE",11/09/2013,Personal,Expense,5114.39
"Ding 73866562 Dublin",03/14/2008,Food,Expense,3599.31
"SOBEYS #5037 WINNIPEG MB",06/08/2004,Accommodation,Income,8247.49
"LaunchGood Inc. 855-9991947, MI 10.00 USD @ 1.263000",04/19/2011,Utilities,Income,5648.76
"Point of Sale - Visa Debit VISA DEBIT RETAIL PURCHASE APPLE.COM/BILL 115244629060",06/09/2007,Food,Income,8184.39
"Point of Sale - Visa Debit VISA DEBIT RETAIL PURCHASE U OF M STUDENTS 114222801307",01/13/2015,Personal,Expense,8839.97
"Point of Sale - Visa Debit VISA DEBIT RETAIL PURCHASE Amazon Download 128543291383",02/20/2001,Health,Income,9149.86
"PAYPAL *ASEELSAFI14 4029357733, ON",07/23/2001,Entertainment,Income,9502.41
"Point of Sale - Visa Debit VISA DEBIT RETAIL PURCHASE SKIPTHEDISHES 119820331428",09/25/2017,Personal,Expense,254.65
"TIM HORTONS #2856 WINNIPEG, MB",11/01/2016,Personal,Income,6285.39
"Point of Sale - Visa Debit VISA DEBIT RETAIL PURCHASE PAYPAL *RAGHDA 123709541432",04/23/2008,Entertainment,Income,6000.60
"Point of Sale - Visa Debit INTL VISA DEB RETAIL PURCHASE INSTACART 128319713380 51.74 CAD @ 1.000000",09/21/2020,Health,Expense,1212.28
"Point of Sale - Visa Debit VISA DEBIT RETAIL PURCHASE H&M ONLINE 121007465422",11/03/2017,Food,Income,8277.64
