Title,Month,Day,Year,Category,Income/Expense,Amount
"purchase",11,1,2021,Utilities,Expense,200.00
"Point of Sale - Visa Debit INTL VISA DEB RETAIL PURCHASE INSTACART 125122740760 49.63 CAD @ 1.000000",9,24,2007,Utilities,Expense,4897.62
"Point of Sale - INTERAC RETAIL PURCHASE 000001001569 LONDON DRUGS 66",6,19,2002,Food,Expense,5361.14
"Internet Banking INTERNET TRANSFER 000000274521",9,22,2011,Food,Income,6924.86
"Point of Sale - Visa Debit VISA DEBIT RETAIL PURCHASE PAYPAL *OZLEY L 120700380712",5,16,2004,Entertainment,Income,2818.26
"LaunchGood Inc. 855-9991947, MI 10.00 USD @ 1.243000",8,18,2008,Personal,Income,5752.82
"Electronic Funds Transfer CREDIT MEMO CIBC-DISATF",1,5,2011,Personal,Expense,4215.01
"Point of Sale - Visa Debit INTL VISA DEB RETAIL PURCHASE INSTACART 129222472965 28.03 CAD @ 1.000000",7,8,2008,Accommodation,Income,7099.15
"Internet Banking INTERNET BILL PAY 000000257907 MASTERCARD, BMO",4,23,2001,Utilities,Income,5313.20
"Point of Sale - Visa Debit VISA DEBIT RETAIL PURCHASE INSTACART 119701211405",10,3,2007,Health,Expense,4714.45
"Point of Sale - Visa Debit VISA DEBIT RETAIL PURCHASE APPLE.COM/BILL 115135455508",8,8,2000,Personal,Expense,1526.91
"Internet Banking INTERNET TRANSFER 000000242922",6,5,2002,Accommodation,Income,992.38
"Internet Banking INTERNET TRANSFER 000000283043",7,1,2017,Entertainment,Income,8046.02
"Point of Sale - Visa Debit VISA DEBIT PURCHASE REVERSAL AMZ*Rankie CA 215207007894",8,15,2017,Utilities,Expense,1192.73
"PONY CORRAL RESTAURANT WINNIPEG MB",6,22,2013,Entertainment,Expense,4007.85
"Point of Sale - Visa Debit VISA DEBIT RETAIL PURCHASE DOORDASH*TIM HO 120220634105",2,20,2015,Health,Income,2744.98
"Point of Sale - Visa Debit VISA DEBIT RETAIL PURCHASE DOORDASH*TIM HO 120220634105",6,21,2010,Entertainment,Income,1743.54
"Point of Sale - Visa Debit VISA DEBIT RETAIL PURCHASE PAYPAL *RAGHDA 128711822579",1,16,2017,Entertainment,Expense,8533.55
"Point of Sale - Visa Debit VISA DEBIT PURCHASE REVERSAL H&M ONLINE 225707013470",3,8,2010,Health,Expense,3680.48
"Point of Sale - Visa Debit VISA DEBIT RETAIL PURCHASE WWW.IKEA.CA 128415214343",11,18,2017,Accommodation,Income,4282.14
"Point of Sale - INTERAC RETAIL PURCHASE 000001001391 DOLLARAMA #1286",2,16,2005,Health,Expense,8501.97
"Point of Sale - Visa Debit CORRECTION dbrand Order 033515540976",4,24,2016,Utilities,Expense,1063.82
"CASH ADVANCE/AVANCE DE FO NDS",1,8,2020,Entertainment,Expense,8076.98
"Internet Banking INTERNET TRANSFER 000000275767",11,7,2007,Accommodation,Expense,4506.60
"Point of Sale - Visa Debit INTL VISA DEB RETAIL PURCHASE UBR* PENDING.UB 114720786149 22.39 CAD @ 1.000000",4,9,2018,Accommodation,Income,1993.16
"Point of Sale - Visa Debit VISA DEBIT RETAIL PURCHASE SKIPTHEDISHES 114820687805",6,13,2015,Food,Expense,9026.32
"Point of Sale - Visa Debit VISA DEBIT RETAIL PURCHASE SKIPTHEDISHES 128600189632",3,20,2004,Food,Income,6137.58
"Point of Sale - Visa Debit VISA DEBIT RETAIL PURCHASE DD 129817307906",1,14,2002,Utilities,Income,2235.11
"PAY PER USE OVERDRAFT FEE",1,20,2014,Health,Income,5263.51
"LaunchGood Inc. 855-9991947, MI 10.00 USD @ 1.263000",7,28,2010,Entertainment,Expense,2908.78
"APPLE.COM/US 800-676-2775, CA 10.00 USD @ 1.342000",6,15,2014,Entertainment,Income,2771.22
"INSTACART 8882467822, NS",3,20,2007,Entertainment,Expense,7211.49
"Internet Banking INTERNET TRANSFER 000000260690",9,13,2004,Accommodation,Income,7677.89
"Point of Sale - Visa Debit INT VISA DEB PURCHASE REVERSAL UBR* PENDING.UB 115806783478 12.41 CAD @ 1.000000",11,15,2001,Entertainment,Income,4021.04
"Point of Sale - Visa Debit INTL VISA DEB RETAIL PURCHASE SOUQ 033520005685 568.00 EGP @ 0.085616",1,25,2004,Health,Income,7747.06
"Point of Sale - Visa Debit CORRECTION dbrand Order 033515540976",4,8,2009,Utilities,Expense,6145.21
"7-ELEVEN 17060 D2811 WINNIPEG, MB",5,29,2001,Personal,Income,5194.32
"Point of Sale - Visa Debit INT VISA DEB PURCHASE REVERSAL INSTACART 129013886157 120.00 CAD @ 1.000000",8,29,2005,Food,Income,8385.06
"APPLE.COM/BILL TORONTO, ON",9,11,2005,Personal,Expense,1153.94
"Point of Sale - INTERAC RETAIL PURCHASE 000011359309 AIRLINE LIMOUSI",7,8,2012,Health,Expense,6001.18
"Point of Sale - Visa Debit VISA DEBIT RETAIL PURCHASE INSTACART 129013886157",10,17,2014,Health,Expense,2489.10
"Point of Sale - Visa Debit VISA DEBIT RETAIL PURCHASE SKIPTHEDISHES 114820687805",7,3,2014,Utilities,Income,982.37
"Point of Sale - Visa Debit VISA DEBIT RETAIL PURCHASE WINNIPEG TRANSI 129710298809",6,1,2008,Personal,Expense,238.64
"Point of Sale - Visa Debit VISA DEBIT RETAIL PURCHASE INSTACART 124323231129",10,2,2001,Food,Expense,3979.31
"Internet Banking INTERNET TRANSFER 000000277987",8,14,2013,Personal,Expense,5566.28
"LONDON DRUGS 66 WINNIPEG, MB",5,5,2005,Health,Income,4174.97
"Internet Banking INTERNET TRANSFER 000000225749",8,9,2008,Food,Expense,1745.78
"Internet Banking INTERNET TRANSFER 000000285648",8,8,2017,Accommodation,Expense,1434.31
"AMZN Mktp CA*SR64P9QY3 WWW.AMAZON.CA, ON",8,22,2008,Health,Income,7870.18
"Electronic Funds Transfer PREAUTHORIZED DEBIT PAYPAL",5,21,2004,Accommodation,Expense,9113.58
"Point of Sale - Visa Debit VISA DEBIT RETAIL PURCHASE APPLE.COM/BILL 036362050688",10,1,2020,Accommodation,Expense,7268.23
"Point of Sale - Visa Debit VISA DEBIT RETAIL PURCHASE DOORDASH*MARBLE 119401668024",5,12,2004,Food,Expense,5784.47
"Point of Sale - Visa Debit VISA DEBIT RETAIL PURCHASE SKIPTHEDISHES 119300358087",4,23,2006,Food,Income,7242.12
"Internet Banking INTERNET TRANSFER 000000247264",3,24,2013,Entertainment,Income,4126.39
"U OF M REGISTRARS WINNIPEG, MB",11,15,2008,Entertainment,Income,9697.98
"PAYPAL *IGLOOB16 4029357733, ON",5,16,2019,Accommodation,Income,7199.10
"Point of Sale - Visa Debit VISA DEBIT RETAIL PURCHASE PAYPAL *RAGHDA 128711822579",3,16,2001,Health,Expense,6702.93
"Point of Sale - Visa Debit VISA DEBIT RETAIL PURCHASE PAYPAL *OZLEY L 120700380712",2,14,2013,Health,Expense,7329.24
"Point of Sale - Visa Debit INT VISA DEB PURCHASE REVERSAL INSTACART 129222472965 30.00 CAD @ 1.000000",3,17,2001,Accommodation,Income,4849.13
"Internet Banking E-TRANSFER RECLAIM010387129802",2,16,2012,Accommodation,Income,4417.99
"LaunchGood Inc. 855-9991947, MI 10.00 USD @ 1.289000",3,5,2012,Personal,Expense,7814.77
"Internet Banking INTERNET TRANSFER 000000235999",4,25,2006,Personal,Income,5539.81
"Point of Sale - INTERAC RETAIL PURCHASE 852001001138 7 ELEVEN STORE",10,18,2002,Accommodation,Income,9125.04
"Point of Sale - Visa Debit VISA DEBIT RETAIL PURCHASE INSTACART 129222472965",4,20,2017,Accommodation,Income,8676.29
"Internet Banking INTERNET TRANSFER 000000247264",9,14,2002,Utilities,Income,7881.68
"Point of Sale - Visa Debit VISA DEBIT RETAIL PURCHASE WINNIPEG TRANSI 121498930642",7,21,2020,Accommodation,Expense,5770.72
"Point of Sale - Visa Debit INT VISA DEB PURCHASE REVERSAL PIZZA PIZZA LTD 125320842485 30.16 CAD @ 1.000000",8,13,2012,Personal,Income,6881.84
"UBER* TRIP TORONTO ON",4,19,2014,Accommodation,Income,6241.11
"DOORDASH*MCDONALDS DOWNTOWN TORO, ON",4,6,2009,Health,Expense,4105.13
"Point of Sale - Visa Debit VISA DEBIT RETAIL PURCHASE WU *8987807342 114434941244",4,9,2011,Personal,Income,4071.18
"Internet Banking ",7,8,2007,Personal,Expense,8340.95
"Point of Sale - Visa Debit VISA DEBIT RETAIL PURCHASE PAYPAL *EMPIREF 120700700976",9,11,2001,Entertainment,Income,8686.53
"Point of Sale - INTERAC RETAIL PURCHASE 000011359309 AIRLINE LIMOUSI",4,16,2006,Utilities,Income,976.18
"Crocs Canada, Inc. crocs.ca, ON",11,1,2009,Health,Expense,5324.59
"Point of Sale - Visa Debit INTL VISA DEB RETAIL PURCHASE Patreon* Member 118207718434 27.00 USD @ 1.273704",10,18,2018,Personal,Expense,4853.03
"Point of Sale - Visa Debit INTL VISA DEB RETAIL PURCHASE INSTACART 128319713380 51.74 CAD @ 1.000000",3,13,2000,Accommodation,Expense,1259.35
"Point of Sale - Visa Debit VISA DEBIT RETAIL PURCHASE PAYPAL *RAGHDA 119618572370",8,17,2020,Health,Expense,4000.35
"Point of Sale - Visa Debit INTL VISA DEB RETAIL PURCHASE Patreon* Member 118207718434 27.00 USD @ 1.273704",10,6,2019,Personal,Income,4240.32
"Internet Banking INTERNET TRANSFER 000000288020",3,3,2019,Personal,Expense,8233.63
"INSTACART 8882467822, NS",4,4,2011,Personal,Expense,1792.26
"Internet Banking INTERNET BILL PAY 000000275373 MASTERCARD, BMO",1,18,2020,Health,Income,1728.03
"Internet Banking INTERNET TRANSFER 000000226259",3,16,2008,Utilities,Expense,5775.91
"Point of Sale - Visa Debit VISA DEBIT RETAIL PURCHASE PAYPAL *ASEELSA 130519882534",8,8,2018,Accommodation,Income,3245.74
"Point of Sale - Visa Debit VISA DEBIT MERCHANDISE RET REV INSTACART 112601145020",4,9,2006,Utilities,Expense,7471.66
"AMZN Mktp CA*2L84Y3JX0 WWW.AMAZON.CA, ON",3,2,2017,Health,Income,8006.21
"Point of Sale - Visa Debit CORRECTION dbrand Order 033515380970",1,12,2006,Personal,Income,5224.14
"Ding 73180577 Dublin",10,20,2004,Health,Expense,2787.54
"Point of Sale - Visa Debit INTL VISA DEB RETAIL PURCHASE PIZZA PIZZA LTD T21257248801 30.07 CAD @ 1.000000",5,23,2005,Entertainment,Income,1201.23
"DOORDASH*RED LOBSTER DOWNTOWN TOROON",3,14,2010,Entertainment,Expense,7369.01
"Point of Sale - INTERAC RETAIL PURCHASE 000001001391 DOLLARAMA #1286",10,16,2011,Personal,Income,3944.69
"Point of Sale - Visa Debit VISA DEBIT RETAIL PURCHASE SKIPTHEDISHES 119820331428",3,5,2015,Personal,Expense,2651.26
"PURCHASE INTEREST",6,14,2001,Personal,Expense,5845.55
"SKIPTHEDISHES WINNIPEG, MB",6,1,2008,Utilities,Expense,3319.29
"Internet Banking INTERNET BILL PAY 000000257907 MASTERCARD, BMO",9,7,2017,Accommodation,Income,9774.45
"Point of Sale - Visa Debit INTL VISA DEB RETAIL PURCHASE PIZZA PIZZA LTD T21257248801 30.07 CAD @ 1.000000",11,23,2007,Food,Expense,9466.85
"LaunchGood Inc. 855-9991947, MI 10.00 USD @ 1.289000",9,24,2012,Health,Income,4317.66
"Point of Sale - Visa Debit VISA DEBIT RETAIL PURCHASE PIZZA PIZZA LTD 115222608388",8,23,2011,Food,Expense,440.25
"Internet Banking INTERNET TRANSFER 000000268205",11,3,2017,Personal,Income,2383.12
"WAL-MART SUPERCENTER#3177 WINNIPEG, MB",4,23,2015,Personal,Expense,1212.85
"EPC*EPIC GAMES STORE 919-854-0070 59.99 USD @ 1.344390",10,15,2013,Food,Expense,531.32
"EPC*EPIC GAMES STORE 919-854-0070 59.99 USD @ 1.344390",7,6,2019,Accommodation,Income,137.53
"MARBLE SLAB CREAMERY WINNIPEG, MB",7,23,2019,Utilities,Expense,8440.52
"SOUQ.COM CAIRO S. -07E 1199.00 EGP @ .086105",2,20,2017,Personal,Expense,7002.96
"Point of Sale - Visa Debit VISA DEBIT RETAIL PURCHASE SKIPTHEDISHES 130319587460",11,11,2018,Accommodation,Expense,6995.66
"LaunchGood Inc. 855-9991947, MI 10.00 USD @ 1.246000",9,26,2016,Health,Income,6714.30
"Point of Sale - Visa Debit VISA DEBIT RETAIL PURCHASE APPLE.COM/BILL 115135455508",8,8,2005,Health,Expense,8874.61
"Point of Sale - Visa Debit VISA DEBIT RETAIL PURCHASE ROGERS *** 125633176134",3,12,2014,Health,Expense,7572.63
"LONDON DRUGS 66 WINNIPEG, MB",1,7,2000,Personal,Income,2103.10
"Point of Sale - Visa Debit VISA DEBIT PURCHASE REVERSAL H&M ONLINE 225707013470",1,15,2011,Entertainment,Expense,247.25
"Point of Sale - Visa Debit INTL VISA DEB RETAIL PURCHASE UBER *TRIP 115806783478 3.00 CAD @ 1.000000",2,5,2014,Food,Income,4996.48
"Internet Banking INTERNET TRANSFER 000000238278",1,1,2004,Health,Income,7185.83
"Branch Transaction CREDIT MEMO",6,15,2003,Personal,Expense,1735.27
"PURCHASE INTEREST",11,7,2007,Health,Expense,3342.66
"Internet Banking INTERNET TRANSFER 000000225749",8,14,2020,Health,Income,8805.46
"Point of Sale - Visa Debit INTL VISA DEB RETAIL PURCHASE INSTACART 129013886157 113.55 CAD @ 1.000000",2,27,2006,Entertainment,Income,6203.44
"Point of Sale - INTERAC RETAIL PURCHASE 000001714027 KIMCHI",5,15,2003,Accommodation,Income,1081.29
"PIZZA PIZZA LTD TORONTO ON",9,18,2007,Personal,Income,3245.99
"Internet Banking E-TRANSFER 103904096531 Nam Huy Bui",6,22,2002,Food,Expense,3142.06
"Point of Sale - Visa Debit VISA DEBIT RETAIL PURCHASE APPLE.COM/BILL 100574173390",10,19,2003,Food,Income,20.02
"Point of Sale - Visa Debit VISA DEBIT PURCHASE REVERSAL PP*6750CODE 213107008052",2,5,2011,Health,Expense,6910.67
"Ding 73180577 Dublin",1,27,2000,Utilities,Expense,3140.49
"Internet Banking E-TRANSFER 103937244055 Nil",8,8,2013,Accommodation,Income,5428.82
"Point of Sale - Visa Debit INTL VISA DEB RETAIL PURCHASE UBR* PENDING.UB 115806783478 15.41 CAD @ 1.000000",7,2,2008,Accommodation,Expense,1189.40
"Point of Sale - Visa Debit CORRECTION PAYPAL *ABBYMAR 114420760500",5,22,2020,Health,Expense,5638.18
"Ding 73866562 Dublin",7,21,2014,Personal,Income,6377.60
"Point of Sale - Visa Debit VISA DEBIT RETAIL PURCHASE SKIPTHEDISHES 128600189632",1,9,2019,Utilities,Income,4260.81
"Internet Banking INTERNET TRANSFER 000000239148",6,17,2011,Health,Income,5076.69
"Internet Banking INTERNET TRANSFER 000000280436",10,29,2003,Accommodation,Income,7752.25
"Point of Sale - INTERAC RETAIL PURCHASE 772001001002 7 ELEVEN STORE",10,4,2011,Accommodation,Income,2564.30
"Internet Banking INTERNET TRANSFER 000000248361",4,5,2020,Accommodation,Income,270.39
"Internet Banking E-TRANSFER 103291835592 Nil 2",3,26,2019,Utilities,Expense,2441.81
"Point of Sale - Visa Debit INTL VISA DEB RETAIL PURCHASE INSTACART 124323231129 129.00 CAD @ 1.000000",5,11,2013,Food,Expense,8143.47
"Point of Sale - Visa Debit VISA DEBIT PURCHASE REVERSAL INSTACART 112517341247",7,24,2008,Accommodation,Expense,2452.75
"Point of Sale - INTERAC RETAIL PURCHASE 000001714027 KIMCHI",5,27,2013,Accommodation,Expense,107.86
"Point of Sale - Visa Debit VISA DEBIT RETAIL PURCHASE PAYPAL *RAGHDA 115221381293",5,8,2009,Utilities,Income,373.09
"U OF M REGISTRARS WINNIPEG, MB",2,6,2014,Personal,Expense,129.96
"Point of Sale - Visa Debit INT VISA DEB PURCHASE REVERSAL INSTACART 124323231129 140.00 CAD @ 1.000000",7,30,2004,Personal,Expense,3133.87
"Point of Sale - Visa Debit VISA DEBIT RETAIL PURCHASE SKIPTHEDISHES 130319587460",7,1,2013,Utilities,Income,6312.05
"Internet Banking E-TRANSFER 103835467191 kijiji controller user",1,4,2005,Accommodation,Expense,3942.75
"Internet Banking E-TRANSFER 103904721909 Cs Tutoring",6,6,2011,Personal,Income,5545.32
"Point of Sale - Visa Debit VISA DEBIT RETAIL PURCHASE INSTACART 119320576697",3,14,2008,Health,Income,6411.46
"Point of Sale - INTERAC RETAIL PURCHASE 000001001173 DOLLARAMA #1286",4,5,2015,Food,Expense,7291.49
"Point of Sale - Visa Debit VISA DEBIT RETAIL PURCHASE PAYPAL *ABBYMAR 114420760500",9,7,2019,Accommodation,Income,344.84
"Point of Sale - Visa Debit VISA DEBIT RETAIL PURCHASE APPLE.COM/BILL 115764263401",2,7,2018,Personal,Expense,3229.35
"SERVICE CHARGE",9,27,2005,Entertainment,Income,5218.68
"WWW.IKEA.CA BURLINGTON, ON",5,13,2015,Utilities,Income,8534.12
"Internet Banking INTERNET TRANSFER 000000214062",3,10,2017,Accommodation,Income,1235.06
"Internet Banking INTERNET TRANSFER 000000226259",9,4,2002,Accommodation,Expense,8205.15
"AMZN Mktp CA*2L2SG1VY1 WWW.AMAZON.CA, ON",4,15,2006,Health,Income,2705.34
"Point of Sale - Visa Debit VISA DEBIT RETAIL PURCHASE SKIPTHEDISHES 128320503371",3,17,2003,Accommodation,Income,8909.85
"Electronic Funds Transfer PREAUTHORIZED DEBIT CIBC-DISATF",7,23,2005,Food,Expense,6336.32
"Internet Banking E-TRANSFER 103931951354 Nam Huy Bui",1,12,2018,Health,Expense,4948.04
"Internet Banking E-TRANSFER 103780765947 Trina Dela Cruz",7,5,2003,Health,Expense,4856.48
"Point of Sale - Visa Debit VISA DEBIT RETAIL PURCHASE APPLE.COM/BILL 115244629060",11,2,2015,Health,Income,4624.27
"Internet Banking INTERNET TRANSFER 000000262105",7,19,2008,Health,Income,5876.32
"AMZN Mktp CA*2L7583XQ0 WWW.AMAZON.CA, ON",8,27,2004,Entertainment,Income,6373.45
"VIMEO.COM 646-470-8422, NY 10.00 USD @ 1.312000",9,28,2013,Entertainment,Income,4966.72
"Point of Sale - Visa Debit INT VISA DEB PURCHASE REVERSAL GOOGLE *GOOGLE T21300778584 1320.48 CAD @ 1.000000",4,23,2011,Utilities,Income,3243.12
"PIZZA PIZZA LTD TORONTO, ON",8,18,2015,Entertainment,Expense,2436.35
"Internet Banking INTERNET TRANSFER 000000285225",9,6,2018,Accommodation,Income,9626.86
"Point of Sale - Visa Debit CORRECTION dbrand Order 033515380970",2,12,2004,Personal,Expense,515.45
"Internet Banking INTERNET TRANSFER 000000269148",3,4,2014,Accommodation,Expense,6132.95
"Point of Sale - Visa Debit VISA DEBIT PURCHASE REVERSAL INSTACART 112601145020",4,20,2001,Entertainment,Expense,9040.46
"Point of Sale - Visa Debit VISA DEBIT MERCHANDISE RET REV INSTACART 112601145020",9,25,2014,Entertainment,Income,5725.65
"Internet Banking INTERNET TRANSFER 000000217559",10,2,2012,Health,Expense,3723.45
"Point of Sale - Visa Debit VISA DEBIT RETAIL PURCHASE WU *8987807342 114434941244",10,10,2007,Entertainment,Expense,909.25
"AMZN Mktp CA*2L84Y3JX0 WWW.AMAZON.CA, ON",9,8,2014,Utilities,Expense,6422.35
"Point of Sale - Visa Debit VISA DEBIT RETAIL PURCHASE DOORDASH*MARBLE 119401668024",7,20,2005,Utilities,Expense,5608.12
"Point of Sale - Visa Debit VISA DEBIT RETAIL PURCHASE PAYPAL *ASEELSA 130519882534",7,8,2012,Health,Expense,8345.94
"Point of Sale - Visa Debit INT VISA DEB PURCHASE REVERSAL INSTACART 122817474064 80.00 CAD @ 1.000000",9,27,2000,Food,Income,2221.67
"INSTACART HALIFAX MID-H, NS",3,25,2010,Food,Expense,8122.96
"Internet Banking INTERNET BILL PAY 000000249061 MASTERCARD, BMO",4,29,2000,Health,Expense,4927.93
"Internet Banking E-TRANSFER 103780765947 Trina Dela Cruz",6,1,2017,Accommodation,Income,585.43
"Point of Sale - INTERAC RETAIL PURCHASE 000001143004 UPS STORE #189",6,26,2007,Entertainment,Expense,8855.80
"Internet Banking INTERNET TRANSFER 000000260690",11,22,2009,Health,Expense,5298.66
"Point of Sale - Visa Debit INTL VISA DEB RETAIL PURCHASE BDS-INFO.CH 120906774319 20.00 USD @ 1.292000",1,21,2010,Utilities,Income,6562.25
"Internet Banking INTERNET TRANSFER 000000219008",9,2,2015,Personal,Expense,8819.26
"Point of Sale - Visa Debit VISA DEBIT RETAIL PURCHASE APPLE.COM/BILL 115244629060",1,28,2006,Health,Expense,5243.92
"WAL-MART SUPERCENTER#3119 WINNIPEG, MB",6,16,2011,Utilities,Income,8579.19
"Point of Sale - INTERAC RETAIL PURCHASE 000001001182 UNICITY TAXI #",3,8,2013,Entertainment,Income,6130.60
"Internet Banking INTERNET BILL PAY 000000248281 MASTERCARD, BMO",6,26,2020,Health,Expense,3502.89
"Internet Banking E-TRANSFER 103835467191 kijiji controller user",4,22,2015,Entertainment,Expense,6306.49
"Internet Banking INTERNET TRANSFER 000000252936",4,18,2008,Utilities,Income,7031.83
"Branch Transaction WITHDRAWAL IBB FORT RICHMOND SQ BANKING CENTR",5,28,2018,Health,Income,3737.34
"Internet Banking E-TRANSFER 103893663933 CARLI ALECIA-MARIE MCNABB",7,8,2018,Food,Expense,1133.95
"Point of Sale - Visa Debit VISA DEBIT RETAIL PURCHASE AMZN Mktp CA 114242229059",11,8,2019,Entertainment,Expense,7818.07
"Ding 73179606 Dublin",4,5,2001,Personal,Income,5134.75
"Internet Banking INTERNET TRANSFER 000000236792",10,12,2005,Entertainment,Income,7125.69
"Point of Sale - Visa Debit VISA DEBIT MERCHANDISE RET REV INSTACART 112517341247",4,22,2013,Utilities,Expense,4438.80
"Internet Banking E-TRANSFER 103907720458 Nil",5,21,2011,Entertainment,Income,7803.52
"Point of Sale - Visa Debit INTL VISA DEB RETAIL PURCHASE INSTACART 129222472965 28.03 CAD @ 1.000000",8,20,2014,Accommodation,Expense,9266.51
"Point of Sale - Visa Debit VISA DEBIT RETAIL PURCHASE APPLE.COM/BILL 115562225836",8,11,2018,Entertainment,Expense,8907.88
"WWW.IKEA.CA BURLINGTON, ON",10,16,2001,Utilities,Expense,9208.94
"Internet Banking E-TRANSFER 103915794773 Nil",2,3,2018,Utilities,Expense,6575.08
"Point of Sale - Visa Debit VISA DEBIT RETAIL PURCHASE SKIPTHEDISHES 115021236265",3,21,2008,Entertainment,Expense,3938.54
"Internet Banking INTERNET TRANSFER 000000268205",2,22,2000,Food,Income,1922.45
"Point of Sale - Visa Debit VISA DEBIT RETAIL PURCHASE U OF M REGISTRA 114222247236",9,18,2010,Entertainment,Income,18.69
"Internet Banking INTERNET TRANSFER 000000274521",7,11,2001,Food,Expense,6325.02
"LaunchGood Inc. 855-9991947, MI 10.00 USD @ 1.263000",9,27,2012,Entertainment,Expense,2.90
"PAY PER USE OVERDRAFT FEE",10,24,2011,Personal,Income,1451.94
"Internet Banking INTERNET TRANSFER 000000233795",2,18,2013,Entertainment,Expense,4005.11
"UBER* TRIP TORONTO ON",10,15,2009,Utilities,Income,6004.31
"Internet Banking INTERNET TRANSFER 000000224660",3,13,2019,Health,Expense,5563.49
"LaunchGood Inc. 855-9991947, MI 10.00 USD @ 1.289000",6,27,2000,Accommodation,Expense,7953.51
"Point of Sale - Visa Debit VISA DEBIT RETAIL PURCHASE APPLE.COM/BILL 100574173390",10,8,2008,Personal,Income,195.59
"Internet Banking INTERNET TRANSFER 000000280436",2,16,2015,Health,Income,1166.01
"UBR* PENDING.UBER.COM AMSTERDAM, ON",8,20,2008,Personal,Expense,7026.46
"Automated Banking Machine ATM WITHDRAWAL FORT RICHMOND SQ 2A12",4,29,2011,Health,Income,4662.48
"Point of Sale - INTERAC RETAIL PURCHASE 125215434629 TIM HORTONS #01",9,19,2007,Personal,Expense,4365.56
"Point of Sale - Visa Debit VISA DEBIT RETAIL PURCHASE AMZN Mktp CA 120843570813",8,5,2008,Personal,Expense,1527.58
"DOORDASH*CIRCLE K DOWNTOWN TOROON",2,19,2014,Accommodation,Income,2695.52
"Point of Sale - Visa Debit INT VISA DEB PURCHASE REVERSAL UBR* PENDING.UB T21187134271 12.89 CAD @ 1.000000",10,26,2005,Food,Income,5980.22
"REQUEST MONEY 010338709427 Floribert Kamabu",3,24,2001,Personal,Expense,7410.36
"Point of Sale - INTERAC RETAIL PURCHASE 000001001183 UNICITY TAXI #",7,3,2017,Personal,Expense,1478.01
"Point of Sale - Visa Debit VISA DEBIT PURCHASE REVERSAL INSTACART 119701211405",11,28,2020,Health,Expense,2825.70
"Point of Sale - INTERAC RETAIL PURCHASE 000001143004 UPS STORE #189",9,28,2013,Food,Expense,1401.80
"GREENCREST PHARMACY WINNIPEG MB",5,25,2020,Entertainment,Income,3629.47
"Internet Banking E-TRANSFER STOP 103291839668",7,27,2008,Food,Income,3768.59
"Internet Banking INTERNET BILL PAY 000000275373 MASTERCARD, BMO",7,30,2013,Personal,Expense,6806.52
"Internet Banking E-TRANSFER 103927439111 Nil",1,29,2008,Food,Expense,2511.75
"Automated Banking Machine ATM DEPOSIT FORT RICHMOND SQ 2A12",10,18,2014,Entertainment,Income,3062.93
"Internet Banking INTERNET TRANSFER 000000248000",8,2,2015,Entertainment,Income,2703.83
"H&M ONLINE TORONTO, ON",4,3,2006,Food,Income,9725.42
"Point of Sale - INTERAC RETAIL PURCHASE 821001001034 7 ELEVEN STORE",2,22,2017,Utilities,Income,6031.35
"Internet Banking E-TRANSFER 103931951354 Nam Huy Bui",1,4,2015,Health,Expense,3507.63
"Point of Sale - Visa Debit VISA DEBIT RETAIL PURCHASE SKIPTHEDISHES 125122533908",9,24,2007,Food,Income,8760.03
"Internet Banking INTERNET TRANSFER 000000277819",8,5,2006,Personal,Income,9433.79
"MARBLE SLAB CREAMERY WINNIPEG, MB",2,21,2020,Food,Income,8757.34
"Point of Sale - INTERAC RETAIL PURCHASE 000036006148 PEARLE VISION 5",10,9,2001,Food,Expense,4207.39
"Internet Banking E-TRANSFER 103908455504 ROBERTO DINGAL ORTEGA",1,5,2004,Utilities,Expense,4993.40
"Point of Sale - Visa Debit VISA DEBIT RETAIL PURCHASE INSTACART 124323231129",9,15,2017,Entertainment,Expense,9535.00
"Point of Sale - Visa Debit INTL VISA DEB RETAIL PURCHASE Patreon* Member 118207667254 18.00 GBP @ 1.762222",9,3,2016,Personal,Income,5196.54
"Point of Sale - Visa Debit VISA DEBIT RETAIL PURCHASE PAYPAL *DOORDAS 114315330225",11,23,2006,Accommodation,Income,1863.14
"Point of Sale - Visa Debit VISA DEBIT RETAIL PURCHASE SKIPTHEDISHES 115521642780",8,5,2000,Accommodation,Income,3533.86
"Point of Sale - INTERAC RETAIL PURCHASE 000653170804 ST VITAL VISION",5,11,2015,Entertainment,Expense,4816.00
"DOORDASH*CIRCLE K DOWNTOWN TORO, ON",5,30,2010,Personal,Expense,4280.75
"Point of Sale - INTERAC RETAIL PURCHASE 000001140007 UPS STORE #189",4,3,2003,Health,Income,7808.01
"CREDIT ADJUSTMENT",9,19,2006,Accommodation,Expense,6738.51
"PAY PER USE OVERDRAFT FEE",9,29,2016,Utilities,Expense,62.92
"Point of Sale - Visa Debit INT VISA DEB PURCHASE REVERSAL INSTACART 128319713380 75.00 CAD @ 1.000000",3,9,2010,Health,Income,199.76
"Point of Sale - Visa Debit INT VISA DEB PURCHASE REVERSAL UBR* PENDING.UB T21187134271 12.89 CAD @ 1.000000",5,6,2017,Health,Expense,6588.30
"Point of Sale - INTERAC RETAIL PURCHASE 125215434629 TIM HORTONS #01",1,13,2018,Personal,Expense,4888.26
"Point of Sale - Visa Debit VISA DEBIT RETAIL PURCHASE DD 130101408181",10,24,2006,Health,Expense,1637.21
"Point of Sale - Visa Debit VISA DEBIT RETAIL PURCHASE SKIPTHEDISHES 128222143267",6,18,2010,Utilities,Expense,7822.77
"INSTACART HALIFAX MID-H, NS",4,13,2008,Personal,Income,163.23
"Point of Sale - INTERAC RETAIL PURCHASE 000001001326 COINAMATIC CANA",3,26,2005,Health,Expense,6838.03
"Internet Banking E-TRANSFER 103904096531 Nam Huy Bui",1,19,2016,Food,Income,9397.21
"Internet Banking INTERNET DOM TRANSFER 103807220198",4,13,2015,Personal,Expense,1327.31
"Point of Sale - Visa Debit INTL VISA DEB RETAIL PURCHASE SOUQ 033520005685 568.00 EGP @ 0.085616",8,4,2009,Accommodation,Income,4070.32
"Point of Sale - INTERAC RETAIL PURCHASE 000001130002 GREENWOODS DENT",6,12,2002,Health,Expense,1748.69
"Internet Banking INTERNET TRANSFER 000000236792",8,30,2017,Personal,Income,8284.33
"Internet Banking INTERNET TRANSFER 000000285225",5,4,2001,Accommodation,Expense,6804.75
"PAY PER USE OVERDRAFT FEE",8,2,2009,Accommodation,Income,1913.94
"Point of Sale - INTERAC RETAIL PURCHASE 000001001302 COINAMATIC CANA",8,25,2006,Accommodation,Expense,4065.24
"GREENCREST PHARMACY WINNIPEG MB",10,30,2005,Food,Expense,5347.28
"DOORDASH*HSIEH FAMILY DOWNTOWN TOROON",6,14,2020,Accommodation,Expense,7742.46
"Point of Sale - INTERAC RETAIL PURCHASE 815001001156 7 ELEVEN STORE",3,7,2019,Personal,Income,9706.12
"Point of Sale - Visa Debit VISA DEBIT RETAIL PURCHASE CINEPLEX #8030 128507513608",5,5,2017,Accommodation,Income,1758.82
"Point of Sale - Visa Debit VISA DEBIT RETAIL PURCHASE PAYPAL *DBRAND 033520822515",5,15,2006,Accommodation,Expense,1322.60
"STARBUCKS COFFEE #48192 WINNIPEG, MB",7,27,2002,Utilities,Income,2664.78
"IKEA WINNIPEG #249 BURLINGTON ON",1,22,2004,Entertainment,Income,9489.63
"Point of Sale - Visa Debit VISA DEBIT RETAIL PURCHASE DOORDASH*MARBLE 119401668024",4,10,2020,Health,Income,1903.96
"Internet Banking INTERNET TRANSFER 000000226259",4,21,2002,Utilities,Expense,3672.30
"Point of Sale - Visa Debit INTL VISA DEB RETAIL PURCHASE SP * PALIROOTS 114620880842 37.00 USD @ 1.238378",5,20,2016,Health,Income,2985.59
"Point of Sale - Visa Debit VISA DEBIT PURCHASE REVERSAL INSTACART 120723688008",6,22,2003,Food,Expense,7437.98
"Point of Sale - Visa Debit VISA DEBIT RETAIL PURCHASE DOORDASH*MCDONA 119505373520",9,23,2002,Personal,Income,4149.68
"LaunchGood Inc. 855-9991947, MI 10.00 USD @ 1.252000",3,26,2004,Food,Expense,9628.69
"Point of Sale - Visa Debit VISA DEBIT RETAIL PURCHASE WU *8982929769 120773525764",11,2,2019,Food,Income,9303.81
"Point of Sale - Visa Debit VISA DEBIT RETAIL PURCHASE dbrand Order 033515540976",7,29,2020,Utilities,Income,5495.72
"Internet Banking INTERNET BILL PAY 000000257907 MASTERCARD, BMO",3,3,2019,Entertainment,Expense,3996.09
"Internet Banking INTERNET TRANSFER 000000275767",1,11,2000,Health,Income,5598.71
"Point of Sale - Visa Debit VISA DEBIT RETAIL PURCHASE GOOGLE *Google 129262581781",11,28,2019,Health,Expense,6633.07
"SKIPTHEDISHES WINNIPEG MB",4,3,2020,Entertainment,Income,8145.62
"Point of Sale - Visa Debit VISA DEBIT RETAIL PURCHASE SKIPTHEDISHES 114820687805",11,9,2020,Food,Income,3254.48
"Point of Sale - Visa Debit VISA DEBIT RETAIL PURCHASE PAYPAL *RAGHDA 123709541432",7,5,2004,Entertainment,Income,7727.40
"OVERLIMIT FEE ON BAL $ 1437.17",7,21,2010,Entertainment,Income,3726.25
"Point of Sale - Visa Debit VISA DEBIT RETAIL PURCHASE WU *8987807342 114434941244",2,16,2007,Health,Income,9182.67
"Point of Sale - Visa Debit VISA DEBIT RETAIL PURCHASE PAYPAL *RAGHDA 115221381293",2,16,2002,Accommodation,Expense,4304.21
"Point of Sale - Visa Debit VISA DEBIT RETAIL PURCHASE H&M ONLINE 123521470714",3,21,2002,Utilities,Expense,8083.40
"Point of Sale - INTERAC CORRECTION 000653170804 ST VITAL VISION",1,30,2011,Health,Income,2578.40
"Internet Banking INTERNET TRANSFER 000000237749",8,19,2000,Accommodation,Income,5241.07
"Point of Sale - Visa Debit VISA DEBIT RETAIL PURCHASE GOOGLE *Google 129262581781",3,18,2017,Health,Income,6777.70
"Point of Sale - Visa Debit VISA DEBIT RETAIL PURCHASE SKIPTHEDISHES 130201721079",5,24,2018,Utilities,Expense,1910.19
"Point of Sale - Visa Debit VISA DEBIT RETAIL PURCHASE WINNIPEG TRANSI 121498930642",11,15,2017,Health,Income,9742.94
"AMZN Mktp CA*2L7JZ85B2 WWW.AMAZON.CA, ON",4,15,2011,Accommodation,Income,8567.06
"TIM HORTONS #8152 WINNIPEG, MB",6,8,2015,Entertainment,Income,4133.73
"Point of Sale - Visa Debit VISA DEBIT RETAIL PURCHASE DOORDASH*TIM HO 120220634105",5,11,2006,Food,Expense,755.37
"Point of Sale - Visa Debit VISA DEBIT RETAIL PURCHASE CINEPLEX #8030 128507513608",9,5,2009,Accommodation,Expense,2622.22
"Point of Sale - Visa Debit VISA DEBIT RETAIL PURCHASE dbrand Order 033515540976",4,12,2015,Accommodation,Income,6247.77
"Point of Sale - Visa Debit INT VISA DEB PURCHASE REVERSAL UBR* PENDING.UB 115806783478 12.41 CAD @ 1.000000",8,28,2007,Health,Income,7314.71
"Internet Banking INTERNET TRANSFER 000000246729",4,12,2010,Food,Income,7706.88
"Internet Banking E-TRANSFER 103932819240 Cs Tutoring",3,6,2018,Accommodation,Income,9042.79
"Internet Banking INTERNET TRANSFER 000000218634",10,6,2010,Health,Expense,4101.68
"Point of Sale - Visa Debit VISA DEBIT RETAIL PURCHASE AIR CAN* 112571064500",11,1,2008,Food,Expense,2458.14
"Point of Sale - Visa Debit INT VISA DEB PURCHASE REVERSAL UBR* PENDING.UB T21187134271 12.89 CAD @ 1.000000",6,9,2016,Food,Expense,6331.67
"Point of Sale - Visa Debit INT VISA DEB PURCHASE REVERSAL UBR* PENDING.UB 114720281741 17.39 CAD @ 1.000000",11,1,2014,Personal,Expense,9973.42
"Branch Transaction OVERDRAFT INTEREST CHARGE",9,12,2011,Accommodation,Income,1561.59
"Point of Sale - Visa Debit INT VISA DEB PURCHASE REVERSAL UBR* PENDING.UB 115806783478 12.41 CAD @ 1.000000",4,5,2009,Entertainment,Income,1044.28
"AMZN Mktp CA*2L2SG1VY1 WWW.AMAZON.CA, ON",5,8,2010,Utilities,Income,3978.34
"Point of Sale - INTERAC RETAIL PURCHASE 000653170804 ST VITAL VISION",2,22,2013,Personal,Expense,9385.84
"Point of Sale - Visa Debit VISA DEBIT PURCHASE REVERSAL APPLE.COM/CA 215807003250",1,15,2016,Entertainment,Expense,3292.92
"Point of Sale - Visa Debit VISA DEBIT PURCHASE REVERSAL GOOGLE *Google 230807006268",9,27,2012,Entertainment,Income,830.97
"DOORDASH*RED LOBSTER DOWNTOWN TOROON",4,14,2012,Food,Income,694.15
"Point of Sale - Visa Debit INTL VISA DEB RETAIL PURCHASE INSTACART 122817474064 67.43 CAD @ 1.000000",1,11,2019,Personal,Expense,6608.49
"Point of Sale - Visa Debit VISA DEBIT RETAIL PURCHASE PAYPAL *EMPIREF 120700700976",10,7,2001,Food,Expense,2482.50
"Point of Sale - Visa Debit INTL VISA DEB RETAIL PURCHASE UBR* PENDING.UB 114720786149 19.39 CAD @ 1.000000",2,14,2000,Food,Expense,5616.61
"Internet Banking INTERNET TRANSFER 000000233939",10,21,2004,Accommodation,Income,4194.20
"Internet Banking E-TRANSFER 103931951354 Nam Huy Bui",10,25,2015,Utilities,Expense,3045.87
"Point of Sale - Visa Debit VISA DEBIT RETAIL PURCHASE PAYPAL *EMPIREF 120700700976",4,26,2015,Personal,Income,4254.29
"Point of Sale - Visa Debit INT VISA DEB PURCHASE REVERSAL PIZZA PIZZA LTD 125320842485 30.16 CAD @ 1.000000",6,13,2006,Food,Income,8473.84
"Point of Sale - Visa Debit VISA DEBIT RETAIL PURCHASE GOGOINFLIGHT* 112534098337",4,17,2004,Accommodation,Expense,6155.20
"Point of Sale - Visa Debit VISA DEBIT RETAIL PURCHASE AIR CAN* 112571064500",10,2,2009,Health,Income,3152.40
"Point of Sale - Visa Debit VISA DEBIT RETAIL PURCHASE PIZZA PIZZA LTD 115222608388",11,14,2009,Health,Expense,852.36
"Point of Sale - INTERAC RETAIL PURCHASE 297001001049 7-ELEVEN 17060",5,19,2015,Entertainment,Income,7171.76
"PAYPAL *GHASSANALNA 4029357733, ON",8,7,2017,Food,Income,3875.08
"Point of Sale - Visa Debit VISA DEBIT RETAIL PURCHASE PIZZA PIZZA LTD 119505451956",6,12,2006,Entertainment,Income,5421.02
"PAYPAL *IGLOOB16 4029357733, ON",9,23,2018,Food,Income,1171.93
"Point of Sale - INTERAC RETAIL PURCHASE 000001001724 LONDON DRUGS 66",11,15,2014,Health,Expense,332.21
"Point of Sale - Visa Debit VISA DEBIT RETAIL PURCHASE U OF M REGISTRA 123621211044",8,10,2013,Health,Expense,4140.00
"Internet Banking INTERNET TRANSFER 000000269148",2,14,2020,Food,Expense,480.99
"Point of Sale - Visa Debit VISA DEBIT RETAIL PURCHASE SKIPTHEDISHES 130319587460",3,4,2005,Entertainment,Income,7732.81
"Point of Sale - Visa Debit VISA DEBIT MERCHANDISE RET REV INSTACART 119701211405",10,17,2015,Personal,Expense,260.32
"Internet Banking INTERNET TRANSFER 000000214441",2,6,2015,Utilities,Expense,378.03
"AMZN Mktp CA*2L7ID8VF1 WWW.AMAZON.CA, ON",6,6,2002,Personal,Income,9909.82
"Point of Sale - Visa Debit VISA DEBIT RETAIL PURCHASE SKIPTHEDISHES 128320347743",10,27,2004,Accommodation,Income,9659.93
"Point of Sale - Visa Debit INT VISA DEB PURCHASE REVERSAL UBR* PENDING.UB 114720281741 17.39 CAD @ 1.000000",2,5,2014,Entertainment,Income,6777.60
"ST VITAL VISION CENTRE WINNIPEG MB",6,15,2001,Personal,Expense,8703.82
"Point of Sale - Visa Debit VISA DEBIT RETAIL PURCHASE H&M ONLINE 123521470714",1,27,2010,Accommodation,Expense,5507.63
"PURCHASE INTEREST",8,27,2020,Utilities,Expense,5126.18
"TIM HORTONS #8152 WINNIPEG MB",6,3,2016,Entertainment,Expense,1506.61
"PAYPAL *RAGHDA 4029357733, ON",4,4,2010,Entertainment,Expense,9237.78
"PAYMENT RECEIVED - THANK YOU",7,1,2001,Entertainment,Expense,3619.34
"Internet Banking INTERNET TRANSFER 000000226377",6,23,2006,Accommodation,Expense,6431.64
"Internet Banking INTERNET TRANSFER 000000214441",9,19,2013,Utilities,Expense,3656.16
"Point of Sale - Visa Debit INT VISA DEB PURCHASE REVERSAL UBER *TRIP T21166833400 3.00 CAD @ 1.000000",11,17,2003,Food,Income,8623.65
"Internet Banking INTERNET BILL PAY 000000277385 UNIVERSITY OF MANITOBA",10,15,2005,Food,Expense,4501.54
"Internet Banking ",4,21,2004,Food,Expense,4692.24
"Internet Banking INTERNET TRANSFER 000000217320",1,14,2013,Personal,Income,9529.99
"Point of Sale - Visa Debit VISA DEBIT RETAIL PURCHASE APPLE.COM/BILL 115562225836",3,28,2015,Entertainment,Expense,968.71
"Point of Sale - INTERAC RETAIL PURCHASE 000001140007 UPS STORE #189",5,26,2017,Entertainment,Expense,57.86
"Point of Sale - INTERAC RETAIL PURCHASE 000001001391 DOLLARAMA #1286",9,16,2019,Utilities,Expense,2897.74
"Point of Sale - INTERAC RETAIL PURCHASE 000001140007 UPS STORE #189",5,14,2003,Personal,Income,2737.19
"Point of Sale - Visa Debit VISA DEBIT RETAIL PURCHASE AMZN Mktp CA 120843570813",4,10,2011,Food,Expense,1241.56
"Internet Banking E-TRANSFER RECLAIM010387129802",7,6,2005,Personal,Expense,3212.44
"Point of Sale - Visa Debit VISA DEBIT RETAIL PURCHASE Amazon Download 128543291383",5,12,2019,Personal,Expense,9890.13
"Internet Banking INTERNET TRANSFER 000000288020",9,16,2012,Health,Income,8457.99
"Internet Banking E-TRANSFER 103915794773 Nil",2,9,2012,Utilities,Income,726.72
"Point of Sale - Visa Debit INTL VISA DEB RETAIL PURCHASE UBR* PENDING.UB 114720786149 19.39 CAD @ 1.000000",1,22,2016,Accommodation,Expense,2811.95
"Point of Sale - Visa Debit INTL VISA DEB RETAIL PURCHASE NOON 033513110581 700.00 EGP @ 0.085600",11,2,2000,Food,Income,3553.58
"Point of Sale - Visa Debit INTL VISA DEB RETAIL PURCHASE Patreon* Member 118207718434 27.00 USD @ 1.273704",5,12,2015,Utilities,Income,4026.97
"DOORDASH*CIRCLE K DOWNTOWN TORO, ON",3,27,2006,Food,Income,5301.65
"Internet Banking E-TRANSFER 103291836407 Nil 2",6,3,2004,Entertainment,Expense,5385.78
"Point of Sale - Visa Debit VISA DEBIT RETAIL PURCHASE SKIPTHEDISHES 114820687805",1,25,2000,Personal,Income,9940.92
"Point of Sale - Visa Debit VISA DEBIT RETAIL PURCHASE SKIPTHEDISHES 114820687805",4,12,2017,Utilities,Income,3355.99
"Internet Banking E-TRANSFER 103904721909 Cs Tutoring",7,27,2012,Food,Expense,2849.37
"Point of Sale - Visa Debit VISA DEBIT RETAIL PURCHASE APPLE.COM/BILL 115244629060",7,1,2001,Health,Income,1632.95
"EDO JAPAN - FORT RICHM WINNIPEG MB",3,28,2013,Utilities,Expense,2748.18
"Internet Banking INTERNET TRANSFER 000000281600",3,2,2003,Health,Expense,9691.58
"Point of Sale - INTERAC RETAIL PURCHASE 000001001391 DOLLARAMA #1286",1,25,2007,Health,Income,7101.28
"Point of Sale - Visa Debit VISA DEBIT RETAIL PURCHASE PAYPAL *ASEELSA 130519882534",8,22,2019,Personal,Income,7924.43
"Internet Banking INTERNET TRANSFER 000000218634",10,18,2002,Food,Income,1751.81
"Internet Banking INTERNET BILL PAY 000000248281 MASTERCARD, BMO",4,16,2017,Health,Income,9496.71
"Point of Sale - Visa Debit VISA DEBIT RETAIL PURCHASE PAYPAL *EMPIREF 120700700976",2,4,2014,Food,Income,9989.73
"SOBEYS #5037 WINNIPEG, MB",2,19,2009,Health,Expense,1832.83
"TIM HORTONS #8152 WINNIPEG, MB",9,20,2016,Food,Expense,4204.15
"Internet Banking INTERNET TRANSFER 000000219008",9,1,2020,Food,Income,8143.83
"Point of Sale - Visa Debit VISA DEBIT RETAIL PURCHASE SKIPTHEDISHES 119401577236",6,5,2007,Utilities,Expense,3457.37
"Point of Sale - Visa Debit VISA DEBIT RETAIL PURCHASE GOGOINFLIGHT* 112534098337",1,9,2006,Accommodation,Income,3331.38
"Point of Sale - Visa Debit VISA DEBIT RETAIL PURCHASE DD 130004874834",5,22,2016,Accommodation,Expense,1830.22
"Internet Banking E-TRANSFER 103775451035 Nil",5,23,2009,Entertainment,Income,6214.45
"Point of Sale - Visa Debit VISA DEBIT RETAIL PURCHASE SKIPTHEDISHES 120220289489",4,17,2018,Entertainment,Expense,4667.43
"Point of Sale - INTERAC RETAIL PURCHASE 000001001303 UNICITY TAXI #",10,13,2020,Entertainment,Expense,2525.52
"Point of Sale - Visa Debit VISA DEBIT RETAIL PURCHASE APPLE.COM/BILL 115161790291",10,2,2002,Personal,Income,9597.79
"Internet Banking INTERNET TRANSFER 000000281600",5,27,2011,Entertainment,Income,5046.95
"AMZN Mktp CA*2L7583XQ0 WWW.AMAZON.CA, ON",9,8,2004,Utilities,Income,8256.69
"Internet Banking E-TRANSFER 103813947721 SAIFELESLAM KEWAISY",11,5,2014,Accommodation,Expense,1754.56
"Point of Sale - Visa Debit VISA DEBIT RETAIL PURCHASE SKIPTHEDISHES 119300358087",10,1,2007,Health,Expense,3999.73
"Point of Sale - Visa Debit VISA DEBIT RETAIL PURCHASE APPLE.COM/CA 114661843188",1,20,2019,Health,Income,6931.77
"DOORDASH*RED LOBSTER DOWNTOWN TOROON",9,17,2002,Food,Expense,819.41
"Point of Sale - Visa Debit VISA DEBIT RETAIL PURCHASE INSTACART 112517341247",6,22,2019,Food,Expense,9745.27
"Point of Sale - Visa Debit INTL VISA DEB RETAIL PURCHASE INSTACART 129013886157 113.55 CAD @ 1.000000",10,24,2003,Entertainment,Expense,1922.12
"Point of Sale - Visa Debit INTL VISA DEB RETAIL PURCHASE Patreon* Member 118207667254 18.00 GBP @ 1.762222",1,18,2002,Accommodation,Income,1563.91
"Internet Banking INTERNET TRANSFER 000000226259",1,15,2010,Entertainment,Income,4326.94
"Ding 73179606 Dublin",7,1,2016,Food,Expense,6124.06
"Point of Sale - INTERAC RETAIL PURCHASE 000001001413 DOLLARAMA #1355",5,15,2018,Accommodation,Income,303.53
"Point of Sale - Visa Debit VISA DEBIT RETAIL PURCHASE PAYPAL *RAGHDA 119618572370",7,29,2014,Personal,Expense,7928.51
"Internet Banking INTERNET TRANSFER 000000222121",10,15,2007,Food,Expense,8636.87
"CASH ADVANCE/AVANCE DE FO NDS",4,18,2017,Accommodation,Income,7832.93
"INSTACART SUBSCRIPTION HALIFAX MID-H, NS",2,26,2006,Personal,Income,9037.58
"Internet Banking INTERNET TRANSFER 000000233795",10,9,2011,Health,Expense,5625.12
"Internet Banking INTERNET TRANSFER 000000285648",2,14,2000,Entertainment,Expense,7167.10
"Point of Sale - Visa Debit VISA DEBIT RETAIL PURCHASE APPLE.COM/BILL 109543153082",7,16,2014,Health,Income,5379.07
"Point of Sale - INTERAC RETAIL PURCHASE 000001215003 UPS STORE #189",6,10,2008,Accommodation,Expense,3476.94
"SKECHERS USA CANADA 833-846-5891, ON",2,18,2009,Personal,Income,9880.52
"Point of Sale - Visa Debit INTL VISA DEB RETAIL PURCHASE INSTACART 125122740760 49.63 CAD @ 1.000000",1,22,2017,Food,Expense,3108.93
"Point of Sale - Visa Debit VISA DEBIT RETAIL PURCHASE SKIPTHEDISHES 114222113411",2,10,2012,Personal,Income,185.41
"Point of Sale - INTERAC RETAIL PURCHASE 000001372012 NATION WEST INS",11,29,2001,Utilities,Income,511.95
"EPC*EPIC GAMES STORE 919-854-0070 59.99 USD @ 1.344390",8,19,2019,Entertainment,Income,6183.76
"Point of Sale - INTERAC RETAIL PURCHASE 000001001173 DOLLARAMA #1286",2,12,2011,Entertainment,Expense,5786.23
"Point of Sale - Visa Debit INT VISA DEB PURCHASE REVERSAL UBR* PENDING.UB 114720281741 17.39 CAD @ 1.000000",3,5,2019,Entertainment,Expense,3303.21
"Internet Banking INTERNET TRANSFER 000000226377",6,1,2010,Health,Income,3.76
"Internet Banking E-TRANSFER 103931951354 Nam Huy Bui",7,16,2017,Food,Income,3176.03
"Point of Sale - Visa Debit VISA DEBIT RETAIL PURCHASE APPLE.COM/BILL 109543153082",10,8,2002,Entertainment,Expense,1551.69
"Point of Sale - Visa Debit VISA DEBIT RETAIL PURCHASE GOGOINFLIGHT* 112534098337",7,4,2019,Food,Expense,2679.36
"Point of Sale - Visa Debit VISA DEBIT RETAIL PURCHASE UBER CANADA 128622894662",10,30,2016,Utilities,Expense,2036.79
"LaunchGood Inc. 855-9991947, MI 10.00 USD @ 1.263000",2,23,2018,Food,Expense,743.45
"Point of Sale - Visa Debit VISA DEBIT PURCHASE REVERSAL INSTACART 119320576697",2,22,2006,Utilities,Expense,8644.24
"PAYPAL *GHASSANALNA 4029357733, ON",3,27,2000,Entertainment,Income,2760.92
"Point of Sale - Visa Debit INTL VISA DEB RETAIL PURCHASE PIZZA PIZZA LTD T21257248801 30.07 CAD @ 1.000000",2,6,2002,Accommodation,Expense,6323.13
"Point of Sale - Visa Debit CORRECTION dbrand Order 033515380970",11,10,2017,Entertainment,Income,6847.08
"AWL*PEARSON EDUCATION PRSONCS.COM, NJ 94.99 USD @ 1.250131",6,4,2003,Utilities,Income,5532.86
"Point of Sale - INTERAC RETAIL PURCHASE 000001001413 DOLLARAMA #1355",5,7,2015,Accommodation,Expense,1323.19
"Internet Banking INTERNET TRANSFER 000000214062",5,13,2016,Food,Expense,5218.58
"DOORDASH*CIRCLE K DOWNTOWN TOROON",11,14,2018,Health,Income,7616.01
"Point of Sale - Visa Debit VISA DEBIT MERCHANDISE RET REV INSTACART 119701211405",3,29,2001,Personal,Income,4454.78
"AMZ*Amazon.ca WWW.AMAZON.CA, ON",7,24,2016,Food,Income,5853.63
"Internet Banking E-TRANSFER 103291835592 Nil 2",8,16,2016,Food,Income,6259.62
"REQUEST MONEY 010338709427 Floribert Kamabu",4,29,2004,Health,Expense,7884.16
"Point of Sale - Visa Debit VISA DEBIT RETAIL PURCHASE GOGOINFLIGHT* 112534098337",9,12,2012,Health,Income,2457.19
"Point of Sale - Visa Debit VISA DEBIT PURCHASE REVERSAL GOOGLE *Google 230807006268",9,17,2016,Accommodation,Expense,6331.89
"Electronic Funds Transfer PREAUTHORIZED DEBIT CIBC-DISATF",8,25,2012,Utilities,Income,5636.14
"Point of Sale - Visa Debit VISA DEBIT RETAIL PURCHASE SKIPTHEDISHES 130615291106",11,12,2016,Health,Income,9300.51
"Branch Transaction SERVICE CHARGE DISCOUNT",10,2,2014,Utilities,Expense,7037.46
"Point of Sale - Visa Debit INTL VISA DEB RETAIL PURCHASE Patreon* Member 118207667254 18.00 GBP @ 1.762222",3,25,2003,Personal,Income,202.08
"Internet Banking INTERNET TRANSFER 000000263993",4,8,2015,Accommodation,Income,3552.29
"Point of Sale - Visa Debit VISA DEBIT RETAIL PURCHASE APPLE.COM/BILL 115135455508",10,1,2009,Food,Expense,6905.04
"Point of Sale - Visa Debit VISA DEBIT RETAIL PURCHASE APPLE.COM/BILL 115135455508",5,6,2002,Entertainment,Income,9793.63
"Point of Sale - Visa Debit INTL VISA DEB RETAIL PURCHASE BDS-INFO.CH 120906772646 20.00 USD @ 1.292000",10,30,2016,Personal,Income,7337.86
"Point of Sale - Visa Debit INT VISA DEB PURCHASE REVERSAL UBR* PENDING.UB 114720786149 19.39 CAD @ 1.000000",6,23,2008,Utilities,Income,2442.12
"DOORDASH*CIRCLE K DOWNTOWN TORO, ON",10,25,2002,Entertainment,Expense,5654.87
"UBER* PENDING TORONTO ON",10,7,2015,Entertainment,Expense,3409.35
"Point of Sale - INTERAC RETAIL PURCHASE 000001372012 NATION WEST INS",5,25,2019,Food,Income,2642.62
"PAYPAL *IGLOOB16 4029357733, ON",5,22,2002,Entertainment,Expense,8556.63
"Point of Sale - Visa Debit VISA DEBIT RETAIL PURCHASE ROGERS *** 115231539541",11,16,2014,Health,Expense,2165.06
"LaunchGood Inc. 855-9991947, MI 10.00 USD @ 1.251000",5,22,2012,Entertainment,Income,9106.34
"DOORDASH*TIM HORTONS DOWNTOWN TOROON",5,13,2018,Accommodation,Expense,5784.64
"Point of Sale - INTERAC RETAIL PURCHASE 000001001724 LONDON DRUGS 66",8,3,2011,Accommodation,Expense,7185.67
"Point of Sale - Visa Debit VISA DEBIT RETAIL PURCHASE WINNIPEG TRANSI 121498930642",9,21,2009,Utilities,Income,1556.46
"Electronic Funds Transfer CREDIT MEMO CIBC-DISATF",3,7,2008,Personal,Expense,9106.92
"Point of Sale - Visa Debit VISA DEBIT RETAIL PURCHASE INSTACART 112601145020",11,26,2006,Food,Income,620.29
"AMZ*Amazon.ca WWW.AMAZON.CA, ON",1,4,2007,Utilities,Income,3526.47
"Internet Banking INTERNET DOM TRANSFER 103771414990",2,9,2007,Health,Income,9766.34
"Point of Sale - Visa Debit INTL VISA DEB RETAIL PURCHASE INSTACART 122817474064 67.43 CAD @ 1.000000",3,22,2009,Entertainment,Income,7461.64
"Point of Sale - INTERAC RETAIL PURCHASE 852001001138 7 ELEVEN STORE",2,3,2006,Accommodation,Income,2948.95
"Internet Banking INTERNET BILL PAY 000000248281 MASTERCARD, BMO",10,1,2002,Food,Income,3614.85
"Point of Sale - Visa Debit VISA DEBIT RETAIL PURCHASE PAYPAL *DBRAND 033516821111",1,1,2002,Entertainment,Expense,9069.96
"Point of Sale - INTERAC RETAIL PURCHASE 000001001824 GREENWOODS DENT",9,19,2019,Utilities,Income,1078.13
"Point of Sale - Visa Debit INTL VISA DEB RETAIL PURCHASE UBR* PENDING.UB 115806783478 15.41 CAD @ 1.000000",8,1,2012,Food,Income,6341.41
"Point of Sale - Visa Debit VISA DEBIT RETAIL PURCHASE AMZN Mktp CA 116241781183",7,12,2011,Accommodation,Expense,8635.92
"Point of Sale - Visa Debit VISA DEBIT RETAIL PURCHASE APPLE.COM/BILL 115161790291",6,5,2006,Personal,Expense,4624.50
"Point of Sale - Visa Debit INTL VISA DEB RETAIL PURCHASE Patreon* Member 118207667254 18.00 GBP @ 1.762222",4,14,2017,Health,Expense,3581.59
"Internet Banking INTERNET TRANSFER 000000269148",6,20,2002,Food,Expense,8885.66
"Point of Sale - INTERAC RETAIL PURCHASE 000001001724 LONDON DRUGS 66",7,14,2005,Health,Income,729.17
"Internet Banking INTERNET TRANSFER 000000280173",10,16,2000,Food,Expense,1072.76
"PIZZA PIZZA LTD TORONTO ON",10,17,2006,Entertainment,Expense,1923.83
"LaunchGood Inc. 855-9991947, MI 10.00 USD @ 1.263000",5,29,2003,Entertainment,Expense,3444.28
"Point of Sale - Visa Debit VISA DEBIT RETAIL PURCHASE H&M ONLINE 123521470714",5,19,2019,Accommodation,Income,4253.98
"DOORDASH*OH DOUGHNUTS DOWNTOWN TORO, ON",2,27,2013,Personal,Expense,2798.42
"Point of Sale - Visa Debit VISA DEBIT RETAIL PURCHASE DOORDASH*TIM HO 120220634105",2,8,2003,Entertainment,Income,3054.61
"Point of Sale - INTERAC RETAIL PURCHASE 000001001184 UNICITY TAXI #",11,2,2003,Health,Expense,1925.89
"LONDON DRUGS 66 WINNIPEG, MB",10,27,2014,Health,Income,4907.64
"Point of Sale - INTERAC RETAIL PURCHASE 730001001074 7 ELEVEN STORE",1,1,2014,Accommodation,Expense,83.62
"Internet Banking INTERNET BILL PAY 000000277385 UNIVERSITY OF MANITOBA",11,24,2018,Entertainment,Expense,1110.64
"SKIPTHEDISHES WINNIPEG, MB",2,17,2008,Utilities,Expense,4737.01
"Point of Sale - Visa Debit VISA DEBIT RETAIL PURCHASE PP*6750CODE 112910330964",5,17,2010,Health,Income,657.32
"Point of Sale - Visa Debit VISA DEBIT RETAIL PURCHASE INSTACART 120723688008",3,7,2012,Accommodation,Expense,4778.48
"Internet Banking E-TRANSFER 103904094175 divagar",3,28,2011,Food,Expense,7849.77
"Point of Sale - Visa Debit INTL VISA DEB RETAIL PURCHASE UBR* PENDING.UB 114720281741 20.39 CAD @ 1.000000",10,19,2007,Personal,Expense,9569.51
"AMZ*Amazon.ca WWW.AMAZON.CA, ON",6,17,2004,Entertainment,Expense,8117.14
"Point of Sale - Visa Debit VISA DEBIT PURCHASE REVERSAL INSTACART 119320576697",5,8,2008,Entertainment,Expense,4279.94
"Point of Sale - INTERAC RETAIL PURCHASE 000001001303 UNICITY TAXI #",11,20,2012,Entertainment,Expense,1866.68
"Point of Sale - INTERAC RETAIL PURCHASE 000001001326 COINAMATIC CANA",2,8,2009,Utilities,Expense,2929.93
"Point of Sale - Visa Debit VISA DEBIT RETAIL PURCHASE SKIPTHEDISHES 130319154781",5,18,2003,Entertainment,Income,5857.14
"Internet Banking E-TRANSFER 103291836407 Nil 2",5,7,2004,Utilities,Expense,6509.22
"Point of Sale - Visa Debit VISA DEBIT RETAIL PURCHASE WU *8986489928 128931619986",9,15,2009,Health,Expense,1383.84
"Electronic Funds Transfer PREAUTHORIZED DEBIT PAYPAL",7,29,2001,Personal,Expense,8955.42
"Internet Banking INTERNET TRANSFER 000000217381",3,24,2016,Health,Income,3436.28
"7-ELEVEN 17060 D2811 WINNIPEG MB",9,17,2004,Health,Income,7205.68
"Point of Sale - Visa Debit VISA DEBIT RETAIL PURCHASE SKIPTHEDISHES 128222143267",8,18,2012,Health,Income,2443.03
"Point of Sale - INTERAC RETAIL PURCHASE 000001130002 GREENWOODS DENT",5,3,2008,Utilities,Expense,2786.24
"Internet Banking INTERNET TRANSFER 000000242642",1,21,2018,Personal,Income,5152.95
"Internet Banking E-TRANSFER 103931951869 Nil",2,26,2009,Food,Income,2231.31
"Internet Banking INTERNET TRANSFER 000000229840",7,26,2004,Accommodation,Expense,6130.77
"Cashback/Remises CR",10,19,2008,Food,Income,5300.80
"Internet Banking E-TRANSFER 103907720458 Nil",11,11,2012,Health,Expense,9983.94
"Internet Banking INTERNET TRANSFER 000000268205",3,26,2019,Entertainment,Income,5062.40
"Internet Banking INTERNET TRANSFER 000000287755",8,9,2014,Health,Expense,2747.03
"Internet Banking INTERNET TRANSFER 000000243363",10,27,2000,Utilities,Income,6677.28
"Internet Banking INTERNET DOM TRANSFER 103807220198",4,19,2008,Health,Expense,2953.72
"Internet Banking INTERNET TRANSFER 000000285648",7,6,2005,Utilities,Expense,8906.91
"Internet Banking INTERNET DOM TRANSFER 103771414990",6,11,2015,Health,Expense,666.83
"Internet Banking INTERNET TRANSFER 000000276380",3,18,2010,Health,Income,1769.52
"Point of Sale - Visa Debit VISA DEBIT RETAIL PURCHASE H&M ONLINE 123521470714",3,1,2001,Entertainment,Income,3728.28
"Internet Banking INTERNET TRANSFER 000000268205",10,30,2006,Food,Expense,3415.49
"AMZN Mktp CA*2L7ID8VF1 WWW.AMAZON.CA, ON",5,24,2008,Accommodation,Expense,1035.92
"Point of Sale - Visa Debit VISA DEBIT RETAIL PURCHASE PAYPAL *DBRAND 033516821111",4,20,2020,Personal,Income,1713.27
"Point of Sale - Visa Debit VISA DEBIT RETAIL PURCHASE dbrand Order 033515540976",9,29,2013,Personal,Expense,7361.03
"UBER* PENDING TORONTO ON",3,11,2009,Accommodation,Income,5852.08
"Point of Sale - Visa Debit VISA DEBIT RETAIL PURCHASE SKIPTHEDISHES 119523616250",4,18,2012,Entertainment,Income,2908.83
"Point of Sale - Visa Debit INTL VISA DEB RETAIL PURCHASE INSTACART 125122740760 49.63 CAD @ 1.000000",2,25,2009,Accommodation,Expense,5201.60
"TIM HORTONS #2856 WINNIPEG, MB",4,7,2000,Accommodation,Expense,6303.19
"DOLLARAMA #1286 WINNIPEG MB",6,17,2015,Entertainment,Income,1323.21
"Point of Sale - Visa Debit INT VISA DEB PURCHASE REVERSAL INSTACART 124323231129 140.00 CAD @ 1.000000",3,28,2010,Utilities,Income,5996.87
"Point of Sale - Visa Debit VISA DEBIT RETAIL PURCHASE PIZZA PIZZA LTD 115222608388",11,14,2008,Personal,Income,5675.41
"Point of Sale - Visa Debit VISA DEBIT RETAIL PURCHASE SKIPTHEDISHES 128320347743",2,5,2001,Personal,Income,3888.89
"Internet Banking E-TRANSFER 103907720458 Nil",8,28,2004,Food,Income,1562.74
"Point of Sale - INTERAC RETAIL PURCHASE 860001001001 7 ELEVEN STORE",11,14,2003,Accommodation,Income,1755.65
"Point of Sale - Visa Debit VISA DEBIT RETAIL PURCHASE INSTACART 129222472965",5,25,2009,Accommodation,Expense,6195.26
"UBER *TRIP AMSTERDAM, ON",5,16,2005,Health,Expense,5317.65
"Point of Sale - Visa Debit INT VISA DEB PURCHASE REVERSAL UBR* PENDING.UB T21187134271 12.89 CAD @ 1.000000",10,16,2003,Entertainment,Expense,2285.21
"AMZN Mktp CA*2L7583XQ0 WWW.AMAZON.CA, ON",2,6,2001,Health,Income,6602.24
"Point of Sale - Visa Debit VISA DEBIT RETAIL PURCHASE ROGERS *** 129233222773",4,19,2002,Food,Expense,8185.52
"Point of Sale - Visa Debit VISA DEBIT RETAIL PURCHASE PAYPAL *EMPIREF 120700700976",2,19,2013,Entertainment,Income,6339.62
"Point of Sale - INTERAC RETAIL PURCHASE 000001001569 LONDON DRUGS 66",1,13,2008,Entertainment,Expense,9062.75
"Point of Sale - INTERAC RETAIL PURCHASE 860001001001 7 ELEVEN STORE",11,20,2019,Health,Expense,1745.59
"Point of Sale - Visa Debit INTL VISA DEB RETAIL PURCHASE UBR* PENDING.UB 114720786149 22.39 CAD @ 1.000000",10,16,2002,Food,Income,8985.74
"Point of Sale - Visa Debit VISA DEBIT RETAIL PURCHASE WU *8986489928 128931619986",1,24,2003,Utilities,Expense,3325.21
"Point of Sale - INTERAC RETAIL PURCHASE 000001001182 UNICITY TAXI #",11,2,2005,Entertainment,Expense,44.87
"Point of Sale - INTERAC RETAIL PURCHASE 121012411104 GREENCREST PHAR",8,17,2014,Accommodation,Income,3898.66
"Point of Sale - INTERAC RETAIL PURCHASE 000001001326 COINAMATIC CANA",11,23,2013,Accommodation,Expense,867.14
"Automated Banking Machine ATM WITHDRAWAL GTAA T-1 DEPARTURE L-2 3A51",10,28,2018,Food,Income,1125.81
"Point of Sale - Visa Debit INTL VISA DEB RETAIL PURCHASE INSTACART 129013886157 113.55 CAD @ 1.000000",6,4,2008,Utilities,Expense,6193.99
"Point of Sale - Visa Debit VISA DEBIT RETAIL PURCHASE ROGERS *** 115231539541",10,4,2003,Entertainment,Income,3305.34
"Point of Sale - Visa Debit VISA DEBIT RETAIL PURCHASE DD 129904406741",5,6,2010,Personal,Expense,6431.75
"SP * MOFTGLOBAL HTTPSMOFTGLOB, CA 69.15 USD @ 1.260014",5,26,2004,Accommodation,Expense,9960.31
"Cashback/Remises CR",5,8,2000,Food,Expense,9221.11
"Point of Sale - INTERAC RETAIL PURCHASE 000001001183 UNICITY TAXI #",4,5,2018,Accommodation,Expense,8740.86
"Electronic Funds Transfer PREAUTHORIZED DEBIT CIBC-DISATF",5,17,2002,Accommodation,Income,7469.72
"Point of Sale - Visa Debit INT VISA DEB PURCHASE REVERSAL UBR* PENDING.UB 114720281741 17.39 CAD @ 1.000000",9,8,2000,Food,Expense,1111.57
"Internet Banking INTERNET TRANSFER 000000277987",11,1,2018,Accommodation,Income,2067.18
"Point of Sale - Visa Debit VISA DEBIT RETAIL PURCHASE DOORDASH*CINNAH 119300812554",3,20,2014,Health,Income,4697.45
"AMZN Mktp CA*2L7583XQ0 WWW.AMAZON.CA, ON",5,3,2012,Personal,Expense,4182.76
"SP * MOFTGLOBAL HTTPSMOFTGLOB, CA 69.15 USD @ 1.260014",8,25,2007,Personal,Income,2873.37
"VIMEO.COM 646-470-8422, NY 10.00 USD @ 1.312000",2,15,2017,Health,Income,9111.51
"Point of Sale - Visa Debit INTL VISA DEB RETAIL PURCHASE PIZZA PIZZA LTD T21257248801 30.07 CAD @ 1.000000",4,1,2013,Food,Income,3712.38
"DOLLARAMA #1286 WINNIPEG MB",10,23,2009,Health,Income,2690.83
"AMZN Mktp CA*2C9PP0MR2 WWW.AMAZON.CAON",3,12,2018,Food,Expense,3019.01
"Point of Sale - INTERAC RETAIL PURCHASE 000001140007 UPS STORE #189",6,10,2009,Personal,Expense,9718.63
"UBER CANADA/UBERTRIP TORONTO ON",9,18,2009,Entertainment,Income,421.98
"Internet Banking INTERNET TRANSFER 000000260690",8,4,2015,Personal,Income,7140.66
"Point of Sale - Visa Debit VISA DEBIT RETAIL PURCHASE WU *8980740778 125372611826",10,12,2018,Food,Income,6222.85
"LaunchGood Inc. 855-9991947, MI 10.00 USD @ 1.252000",11,29,2002,Accommodation,Expense,8463.37
"Internet Banking E-TRANSFER 103782929527 Nil",9,20,2015,Health,Income,348.19
"DOORDASH*OH DOUGHNUTS DOWNTOWN TORO, ON",8,30,2008,Accommodation,Expense,7183.66
"Internet Banking INTERNET TRANSFER 000000280173",3,23,2001,Food,Expense,7322.88
"AMZN Mktp CA*2L2SG1VY1 WWW.AMAZON.CA, ON",8,25,2003,Personal,Expense,1797.94
"Point of Sale - INTERAC RETAIL PURCHASE 000001215012 UPS STORE #189",9,25,2009,Accommodation,Income,2388.20
"Point of Sale - Visa Debit VISA DEBIT RETAIL PURCHASE SKIPTHEDISHES 115521642780",6,2,2014,Health,Expense,1466.53
"Internet Banking INTERNET BILL PAY 000000275373 MASTERCARD, BMO",1,9,2010,Health,Expense,4372.49
"Point of Sale - Visa Debit VISA DEBIT RETAIL PURCHASE PAYPAL *ASEELSA 130519882534",9,26,2017,Personal,Expense,963.13
"Point of Sale - Visa Debit INTL VISA DEB RETAIL PURCHASE SP * PALIROOTS 114620880842 37.00 USD @ 1.238378",2,11,2019,Health,Expense,4252.42
"Internet Banking ",5,11,2000,Accommodation,Expense,2977.10
"INSTACART 8882467822, NS",6,11,2017,Entertainment,Expense,4996.14
"Internet Banking INTERNET TRANSFER 000000243363",5,9,2002,Entertainment,Income,6065.39
"Point of Sale - Visa Debit VISA DEBIT RETAIL PURCHASE INSTACART 124323231129",1,7,2003,Personal,Expense,6297.37
"Internet Banking INTERNET TRANSFER 000000217381",10,15,2019,Health,Income,1709.25
"Point of Sale - INTERAC RETAIL PURCHASE 000001372012 NATION WEST INS",2,8,2010,Personal,Expense,2975.09
"Point of Sale - Visa Debit VISA DEBIT RETAIL PURCHASE H&M ONLINE 123521470714",1,3,2005,Personal,Expense,4162.79
"Point of Sale - Visa Debit VISA DEBIT MERCHANDISE RET REV INSTACART 119320576697",7,8,2003,Utilities,Income,9868.44
"Point of Sale - Visa Debit VISA DEBIT RETAIL PURCHASE CINEPLEX #8030 121297656970",6,23,2004,Utilities,Expense,5329.36
"Point of Sale - INTERAC RETAIL PURCHASE 857001001125 7 ELEVEN STORE",4,9,2010,Utilities,Income,4335.84
"Point of Sale - Visa Debit VISA DEBIT RETAIL PURCHASE INSTACART 120723688008",3,23,2015,Food,Expense,9670.17
"Internet Banking E-TRANSFER 103906818459 Cs Tutoring",8,13,2010,Utilities,Expense,5361.40
"Point of Sale - Visa Debit VISA DEBIT RETAIL PURCHASE U OF M REGISTRA 114222247236",1,14,2013,Entertainment,Expense,1692.35
"Point of Sale - Visa Debit VISA DEBIT PURCHASE REVERSAL PP*6750CODE 213107008052",3,26,2020,Utilities,Income,1948.20
"Internet Banking INTERNET TRANSFER 000000263993",4,17,2019,Food,Expense,8138.16
"Point of Sale - Visa Debit VISA DEBIT RETAIL PURCHASE DOORDASH*TIM HO 120220634105",6,5,2015,Health,Income,7192.25
"Internet Banking INTERNET TRANSFER 000000238278",6,4,2000,Health,Income,4204.47
"Point of Sale - Visa Debit INT VISA DEB PURCHASE REVERSAL GOOGLE *GOOGLE T21300778584 1320.48 CAD @ 1.000000",6,7,2020,Personal,Expense,4998.90
"H&M ONLINE TORONTO, ON",5,25,2013,Utilities,Income,5990.60
"Point of Sale - INTERAC RETAIL PURCHASE 000001001569 LONDON DRUGS 66",4,20,2020,Health,Income,9338.07
"Point of Sale - Visa Debit VISA DEBIT RETAIL PURCHASE PIZZA PIZZA LTD 125320842485",1,11,2009,Accommodation,Expense,5152.28
"Point of Sale - Visa Debit INTL VISA DEB RETAIL PURCHASE BDS-INFO.CH 120906774319 20.00 USD @ 1.292000",2,25,2002,Entertainment,Income,3827.82
"Point of Sale - Visa Debit VISA DEBIT RETAIL PURCHASE PP*6750CODE 112910330964",2,22,2019,Utilities,Expense,7337.26
"UBER *TRIP HELP.UBER.COMNLD",6,9,2001,Personal,Expense,4614.36
"AMZ*Duolihui US WWW.AMAZON.CA, ON",8,20,2011,Utilities,Income,7330.91
"Point of Sale - Visa Debit VISA DEBIT RETAIL PURCHASE AMZN Mktp CA 114234127034",7,16,2011,Utilities,Income,8296.19
"AMZN Mktp CA*2C9PP0MR2 WWW.AMAZON.CAON",6,10,2006,Personal,Income,129.67
"OVERLIMIT FEE",4,28,2019,Entertainment,Expense,2992.53
"Internet Banking INTERNET TRANSFER 000000280436",8,1,2001,Food,Income,4846.07
"Point of Sale - INTERAC RETAIL PURCHASE 000001001456 LONDON DRUGS 66",11,28,2019,Entertainment,Income,2409.35
"Internet Banking INTERNET BILL PAY 000000248281 MASTERCARD, BMO",5,21,2001,Health,Income,8945.25
"Internet Banking INTERNET TRANSFER 000000269148",4,7,2008,Utilities,Expense,4089.33
"Point of Sale - Visa Debit VISA DEBIT RETAIL PURCHASE SKIPTHEDISHES 119523616250",2,1,2020,Utilities,Income,7095.74
"OVERLIMIT FEE",1,19,2015,Utilities,Income,3190.01
"Point of Sale - Visa Debit VISA DEBIT RETAIL PURCHASE AMZN Mktp CA 116343132120",11,25,2011,Health,Expense,5524.33
"Ding 73179606 Dublin",11,27,2019,Entertainment,Expense,852.36
"LONDON DRUGS 66 WINNIPEG, MB",9,24,2008,Food,Expense,1337.57
"Point of Sale - Visa Debit VISA DEBIT RETAIL PURCHASE DD 129221927298",11,29,2019,Personal,Income,5085.28
"Internet Banking INTERNET TRANSFER 000000275767",4,20,2006,Food,Expense,3985.67
"Point of Sale - Visa Debit VISA DEBIT RETAIL PURCHASE APPLE.COM/BILL 115562225836",2,19,2000,Food,Expense,5185.31
"Internet Banking INTERNET DOM TRANSFER 103771414990",10,1,2008,Utilities,Income,5079.62
"Point of Sale - Visa Debit VISA DEBIT RETAIL PURCHASE APPLE.COM/BILL 115764263401",3,4,2001,Accommodation,Expense,6771.17
"Point of Sale - Visa Debit VISA DEBIT RETAIL PURCHASE SKIPTHEDISHES 125122533908",3,9,2013,Personal,Income,5367.37
"Point of Sale - Visa Debit VISA DEBIT RETAIL PURCHASE SKIPTHEDISHES 128704270353",3,20,2020,Health,Expense,4182.54
"Internet Banking INTERNET TRANSFER 000000278050",6,28,2006,Food,Income,7158.47
"Point of Sale - INTERAC RETAIL PURCHASE 821001001034 7 ELEVEN STORE",2,26,2006,Health,Expense,7658.60
"DOORDASH*PIZZA HUT DOWNTOWN TORO, ON",4,7,2011,Health,Expense,2550.44
"Point of Sale - Visa Debit INTL VISA DEB RETAIL PURCHASE INSTACART 129013886157 113.55 CAD @ 1.000000",4,3,2017,Personal,Income,6030.15
"Internet Banking INTERNET TRANSFER 000000285648",9,19,2018,Personal,Expense,91.36
"Point of Sale - Visa Debit VISA DEBIT RETAIL PURCHASE PAYPAL *ASEELSA 123721541177",8,19,2007,Personal,Income,5276.20
"Point of Sale - Visa Debit INTL VISA DEB RETAIL PURCHASE INSTACART 129013886157 113.55 CAD @ 1.000000",7,23,2013,Personal,Income,8771.73
"Point of Sale - Visa Debit INTL VISA DEB RETAIL PURCHASE BDS-INFO.CH 120907700336 20.00 USD @ 1.292000",5,29,2000,Health,Expense,2587.83
"Point of Sale - INTERAC RETAIL PURCHASE 000011359309 AIRLINE LIMOUSI",3,21,2015,Entertainment,Income,8187.36
"AMZN Mktp CA*2L7JZ85B2 WWW.AMAZON.CA, ON",1,11,2007,Utilities,Income,2471.05
"Point of Sale - INTERAC RETAIL PURCHASE 000001001853 PIZZA PIZZA # 4",2,8,2003,Entertainment,Income,9199.02
"Point of Sale - Visa Debit VISA DEBIT RETAIL PURCHASE dbrand Order 033515380970",5,27,2016,Utilities,Expense,4941.46
"Internet Banking E-TRANSFER 103291835592 Nil 2",8,6,2015,Entertainment,Expense,2844.97
"LaunchGood Inc. 855-9991947, MI 10.00 USD @ 1.243000",4,23,2007,Entertainment,Income,8827.66
"Internet Banking INTERNET TRANSFER 000000276380",8,15,2000,Health,Expense,5863.56
"Point of Sale - Visa Debit INTL VISA DEB RETAIL PURCHASE UBR* PENDING.UB 114720786149 22.39 CAD @ 1.000000",5,1,2019,Health,Income,2788.11
"Point of Sale - Visa Debit VISA DEBIT RETAIL PURCHASE SKIPTHEDISHES 125122533908",6,13,2016,Food,Income,3448.40
"Internet Banking E-TRANSFER 103907720458 Nil",5,4,2006,Food,Income,2548.96
"UBR* PENDING.UBER.COM AMSTERDAM, ON",7,18,2009,Health,Expense,1687.49
"Internet Banking INTERNET TRANSFER 000000214441",4,14,2002,Utilities,Expense,7415.81
"Point of Sale - Visa Debit VISA DEBIT RETAIL PURCHASE MPI - ONLINE 124410491306",7,3,2011,Accommodation,Income,5446.22
"Internet Banking INTERNET TRANSFER 000000222121",7,28,2012,Personal,Expense,5477.73
"Internet Banking E-TRANSFER 103937244055 Nil",6,12,2007,Entertainment,Expense,4667.60
"INTEREST ADVANCES",5,16,2019,Entertainment,Income,9791.16
"Sony Interactive Enter 8003457669 CA",8,16,2013,Utilities,Income,1608.42
"Point of Sale - Visa Debit VISA DEBIT RETAIL PURCHASE ROGERS *** 129233222773",9,7,2006,Personal,Expense,1422.76
"DOORDASH*PIZZA HUT DOWNTOWN TORO, ON",9,9,2012,Personal,Income,3329.26
"Internet Banking INTERNET TRANSFER 000000248361",3,29,2010,Food,Income,8639.04
"Branch Transaction WITHDRAWAL IBB FORT RICHMOND SQ BANKING CENTR",3,10,2011,Entertainment,Income,8454.26
"SOBEYS #5037 WINNIPEG MB",10,17,2007,Food,Expense,2082.25
"Point of Sale - Visa Debit VISA DEBIT RETAIL PURCHASE PAYPAL *RAGHDA 115221381293",9,11,2017,Accommodation,Expense,7318.28
"Point of Sale - INTERAC RETAIL PURCHASE 124122872769 TIM HORTONS #81",7,24,2000,Utilities,Income,715.81
"Point of Sale - Visa Debit VISA DEBIT RETAIL PURCHASE APPLE.COM/BILL 115135455508",11,29,2016,Health,Expense,7853.27
"Internet Banking INTERNET BILL PAY 000000265158 MASTERCARD, BMO",1,24,2002,Food,Income,6293.04
"Internet Banking INTERNET TRANSFER 000000210291",6,20,2007,Health,Income,5483.22
"Point of Sale - Visa Debit VISA DEBIT RETAIL PURCHASE dbrand Order 033515540976",5,5,2016,Entertainment,Income,5122.44
"Point of Sale - Visa Debit VISA DEBIT RETAIL PURCHASE SKIPTHEDISHES 114421482951",6,10,2002,Food,Income,8694.39
"Point of Sale - Visa Debit INT VISA DEB PURCHASE REVERSAL GOOGLE *GOOGLE T21300778584 1320.48 CAD @ 1.000000",11,20,2012,Personal,Income,9127.58
"IKEA WINNIPEG #249 BURLINGTON, ON",6,7,2016,Utilities,Income,8190.42
"Internet Banking E-TRANSFER 103927439111 Nil",2,13,2010,Health,Income,4905.34
"Internet Banking E-TRANSFER 103851939670 Divagar",4,7,2018,Entertainment,Income,4139.66
"UBER* TRIP TORONTO ON",6,28,2017,Health,Expense,7300.62
"REQUEST MONEY 010338709427 Floribert Kamabu",2,22,2019,Entertainment,Income,3011.68
"Point of Sale - INTERAC RETAIL PURCHASE 000001280019 ULTRACUTS STORE",8,26,2015,Personal,Expense,5373.28
"Ding 70783768 Dublin",6,2,2007,Utilities,Expense,7972.71
"AMZN Mktp CA*2G4JL98T0 WWW.AMAZON.CA, ON",6,10,2008,Utilities,Income,7715.82
"Point of Sale - INTERAC RETAIL PURCHASE 000001001569 LONDON DRUGS 66",10,2,2004,Utilities,Income,2051.31
"AMZN Mktp CA*2G8R57Z62 WWW.AMAZON.CA, ON",6,26,2004,Accommodation,Expense,2434.34
"Point of Sale - Visa Debit VISA DEBIT RETAIL PURCHASE SKIPTHEDISHES 114621814150",9,8,2013,Accommodation,Expense,2807.79
"Internet Banking INTERNET TRANSFER 000000285225",2,8,2011,Health,Expense,9390.80
"Point of Sale - Visa Debit VISA DEBIT MERCHANDISE RET REV INSTACART 112601145020",6,24,2013,Entertainment,Expense,5137.24
"DOORDASH*RED LOBSTER DOWNTOWN TOROON",5,19,2019,Utilities,Income,3113.46
"Internet Banking INTERNET TRANSFER 000000214062",4,23,2019,Personal,Income,6604.98
"UBER *TRIP HELP.UBER.COMNLD",5,8,2013,Personal,Income,3324.65
"Point of Sale - Visa Debit VISA DEBIT RETAIL PURCHASE SKIPTHEDISHES 119820331428",9,8,2005,Health,Expense,7589.78
"Point of Sale - Visa Debit VISA DEBIT RETAIL PURCHASE APPLE.COM/BILL 100574173390",8,26,2017,Entertainment,Expense,2880.52
"Point of Sale - Visa Debit VISA DEBIT PURCHASE REVERSAL PP*6750CODE 213107008052",7,30,2014,Entertainment,Income,2917.59
"Internet Banking INTERNET TRANSFER 000000229840",4,21,2006,Health,Expense,7784.14
"Internet Banking INTERNET TRANSFER 000000262105",9,3,2012,Accommodation,Expense,8885.14
"Point of Sale - Visa Debit VISA DEBIT RETAIL PURCHASE H&M ONLINE 123521470714",6,12,2007,Health,Expense,8173.01
"Point of Sale - Visa Debit VISA DEBIT RETAIL PURCHASE SKIPTHEDISHES 119401577236",6,25,2000,Personal,Income,7624.40
"Ding 73866562 Dublin",3,25,2011,Health,Expense,4639.44
"Internet Banking INTERNET TRANSFER 000000278050",6,12,2016,Food,Income,4931.94
"MARBLE SLAB CREAMERY WINNIPEG, MB",9,9,2008,Health,Expense,2609.44
"Internet Banking INTERNET TRANSFER 000000218634",3,15,2014,Health,Expense,4718.81
"MARBLE SLAB CREAMERY WINNIPEG, MB",11,18,2011,Health,Expense,2973.57
"Point of Sale - Visa Debit INTL VISA DEB RETAIL PURCHASE Patreon* Member 118207718434 27.00 USD @ 1.273704",9,10,2015,Food,Expense,4569.85
"Point of Sale - Visa Debit VISA DEBIT RETAIL PURCHASE DD 129904406741",7,18,2010,Utilities,Income,5257.26
"Point of Sale - INTERAC RETAIL PURCHASE 730001001074 7 ELEVEN STORE",7,27,2010,Utilities,Expense,4774.14
"Internet Banking INTERNET DOM TRANSFER 103771414990",1,15,2014,Health,Income,2206.55
"Point of Sale - Visa Debit INT VISA DEB PURCHASE REVERSAL PIZZA PIZZA LTD 125320842485 30.16 CAD @ 1.000000",9,15,2012,Utilities,Income,893.62
"Point of Sale - Visa Debit VISA DEBIT RETAIL PURCHASE SKIPTHEDISHES 128320503371",7,6,2010,Personal,Income,7020.38
"Internet Banking INTERNET TRANSFER 000000256035",1,19,2002,Accommodation,Expense,5943.65
"Point of Sale - INTERAC RETAIL PURCHASE 297001001049 7-ELEVEN 17060",4,4,2020,Accommodation,Income,79.23
"APPLE.COM/BILL 866-712-7753, ON",4,24,2017,Health,Income,2331.09
"Point of Sale - Visa Debit VISA DEBIT RETAIL PURCHASE AMZN Mktp CA 116241781183",11,12,2005,Health,Expense,3792.31
"Internet Banking INTERNET TRANSFER 000000217381",7,4,2000,Entertainment,Expense,1000.95
"REQUEST MONEY 010338709427 Floribert Kamabu",10,11,2004,Accommodation,Expense,2209.88
"Internet Banking INTERNET TRANSFER 000000278050",8,19,2020,Personal,Income,5845.63
"Point of Sale - Visa Debit VISA DEBIT MERCHANDISE RET REV INSTACART 119320576697",6,15,2012,Health,Income,9021.58
"Point of Sale - Visa Debit VISA DEBIT RETAIL PURCHASE ROGERS *** 120731656923",3,2,2019,Accommodation,Expense,5854.46
"Internet Banking INTERNET TRANSFER 000000285648",7,20,2007,Personal,Income,6337.37
"Point of Sale - Visa Debit INT VISA DEB PURCHASE REVERSAL INSTACART 128319713380 75.00 CAD @ 1.000000",8,8,2012,Personal,Expense,4310.13
"Point of Sale - Visa Debit VISA DEBIT RETAIL PURCHASE DD 129904406741",9,11,2018,Health,Income,6812.13
"Internet Banking E-TRANSFER 103904096531 Nam Huy Bui",5,23,2009,Food,Income,5515.54
"Internet Banking INTERNET DOM TRANSFER 103771414990",3,16,2009,Personal,Income,1485.74
"Ding 70781731 Dublin",4,25,2006,Food,Expense,9524.98
"OVERLIMIT FEE",7,22,2007,Accommodation,Income,5610.33
"Point of Sale - Visa Debit VISA DEBIT RETAIL PURCHASE WINNIPEG TRANSI 121498930642",11,11,2011,Entertainment,Expense,5205.60
"Point of Sale - Visa Debit INTL VISA DEB RETAIL PURCHASE BDS-INFO.CH 120906772646 20.00 USD @ 1.292000",10,5,2001,Entertainment,Income,2186.01
"Internet Banking INTERNET TRANSFER 000000260110",9,15,2010,Health,Expense,5372.56
"Internet Banking INTERNET TRANSFER 000000288020",8,21,2014,Accommodation,Expense,377.05
"Internet Banking E-TRANSFER 103904094175 divagar",3,28,2002,Utilities,Expense,7753.96
"Internet Banking INTERNET TRANSFER 000000242922",7,5,2013,Personal,Expense,5743.74
"Point of Sale - Visa Debit VISA DEBIT RETAIL PURCHASE SKIPTHEDISHES 115521642780",11,25,2002,Entertainment,Expense,6518.37
"Internet Banking INTERNET BILL PAY 000000232460 UNIVERSITY OF MANITOBA",9,7,2014,Accommodation,Income,9216.67
"Internet Banking E-TRANSFER 103904094175 divagar",3,4,2001,Utilities,Expense,1115.77
"Point of Sale - Visa Debit VISA DEBIT RETAIL PURCHASE SKIPTHEDISHES 119523616250",9,5,2006,Health,Expense,1754.61
"Internet Banking INTERNET TRANSFER 000000276380",4,13,2019,Entertainment,Expense,2772.19
"Point of Sale - Visa Debit INTL VISA DEB RETAIL PURCHASE INSTACART 124323231129 129.00 CAD @ 1.000000",7,8,2012,Health,Expense,1930.12
"Point of Sale - INTERAC RETAIL PURCHASE 852001001138 7 ELEVEN STORE",5,9,2020,Health,Expense,200.22
"LaunchGood Inc. 855-9991947, MI 10.00 USD @ 1.251000",2,7,2007,Accommodation,Expense,2633.54
"Point of Sale - Visa Debit VISA DEBIT RETAIL PURCHASE PAYPAL *RAGHDA 128711822579",2,24,2005,Personal,Expense,969.05
"Internet Banking INTERNET TRANSFER 000000224660",9,26,2003,Health,Income,2461.52
"Point of Sale - Visa Debit INTL VISA DEB RETAIL PURCHASE BDS-INFO.CH 120907700336 20.00 USD @ 1.292000",6,3,2020,Food,Expense,3387.66
"INSTACART HALIFAX MID-H, NS",1,3,2019,Health,Income,7826.14
"Point of Sale - Visa Debit VISA DEBIT RETAIL PURCHASE PIZZA PIZZA LTD 115222608388",5,24,2007,Entertainment,Expense,9658.64
"Point of Sale - Visa Debit INT VISA DEB PURCHASE REVERSAL UBER *TRIP T21166833400 3.00 CAD @ 1.000000",11,9,2008,Entertainment,Expense,3447.59
"Electronic Funds Transfer PAY 7-ELEVEN CANADA 7-ELEVEN CANADA INC.",8,14,2002,Utilities,Expense,5003.34
"Point of Sale - Visa Debit VISA DEBIT RETAIL PURCHASE U OF M REGISTRA 114222247236",5,12,2014,Health,Expense,6110.76
"Point of Sale - Visa Debit VISA DEBIT RETAIL PURCHASE DOORDASH*MCDONA 119505373520",2,12,2010,Accommodation,Income,7463.33
"Internet Banking E-TRANSFER 103925120118 Cs Tutoring",2,4,2011,Food,Income,621.45
"Internet Banking INTERNET TRANSFER 000000274886",6,28,2020,Utilities,Income,4255.28
"PAYPAL *GHASSANALNA 4029357733, ON",7,17,2007,Personal,Income,5860.55
"Point of Sale - INTERAC RETAIL PURCHASE 000001714027 KIMCHI",8,12,2010,Entertainment,Income,7166.30
"Internet Banking INTERNET TRANSFER 000000223192",1,5,2003,Food,Expense,2947.84
"Point of Sale - Visa Debit VISA DEBIT RETAIL PURCHASE SKIPTHEDISHES 128320347743",4,6,2007,Personal,Income,1512.99
"Point of Sale - Visa Debit VISA DEBIT RETAIL PURCHASE DD 129817280882",6,29,2001,Personal,Expense,4959.25
"Point of Sale - Visa Debit INT VISA DEB PURCHASE REVERSAL PIZZA PIZZA LTD 125320842485 30.16 CAD @ 1.000000",2,13,2000,Personal,Expense,4983.64
"Internet Banking E-TRANSFER 103908455504 ROBERTO DINGAL ORTEGA",7,4,2006,Food,Income,5454.50
"Point of Sale - Visa Debit VISA DEBIT RETAIL PURCHASE APPLE.COM/BILL 115244629060",4,19,2002,Health,Income,7782.01
"Point of Sale - Visa Debit VISA DEBIT RETAIL PURCHASE APPLE.COM/BILL 115161790291",5,22,2002,Health,Expense,9023.42
"Point of Sale - Visa Debit VISA DEBIT RETAIL PURCHASE INSTACART 124323231129",4,4,2000,Food,Income,7147.28
"REQUEST MONEY 010338709427 Floribert Kamabu",11,17,2008,Entertainment,Expense,378.87
"Point of Sale - Visa Debit VISA DEBIT RETAIL PURCHASE GOOGLE *Google 129862345774",4,26,2007,Health,Income,3546.85
"UBER* PENDING TORONTO ON",9,6,2018,Accommodation,Expense,9536.78
"Point of Sale - Visa Debit VISA DEBIT RETAIL PURCHASE DD 129721816132",9,20,2005,Entertainment,Expense,1169.21
"Internet Banking INTERNET TRANSFER 000000238278",4,10,2018,Food,Income,6272.02
"Internet Banking INTERNET BILL PAY 000000249061 MASTERCARD, BMO",9,16,2008,Accommodation,Expense,9933.24
"Point of Sale - INTERAC RETAIL PURCHASE 297001001049 7-ELEVEN 17060",7,4,2015,Health,Expense,9844.04
"Ding 73179606 Dublin",5,29,2020,Accommodation,Expense,5302.33
"Internet Banking E-TRANSFER 103811946493 Nil",2,11,2000,Food,Expense,1056.78
"AMZ*Duolihui US WWW.AMAZON.CA, ON",6,2,2016,Utilities,Expense,6363.31
"Internet Banking INTERNET TRANSFER 000000260110",8,26,2009,Accommodation,Expense,7218.31
"CASH ADVANCE/AVANCE DE FO NDS",11,26,2016,Food,Income,6409.24
"Internet Banking INTERNET TRANSFER 000000256035",6,28,2009,Utilities,Expense,4389.91
"Internet Banking INTERNET TRANSFER 000000288020",10,12,2002,Health,Income,7035.40
"Point of Sale - Visa Debit VISA DEBIT RETAIL PURCHASE INSTACART 128319713380",1,8,2007,Personal,Expense,8996.39
"Internet Banking INTERNET TRANSFER 000000274521",1,25,2016,Entertainment,Income,6962.62
"Point of Sale - Visa Debit INTL VISA DEB RETAIL PURCHASE INSTACART 128319713380 51.74 CAD @ 1.000000",4,16,2005,Accommodation,Income,9620.18
"AMZN Mktp CA*2R17U8FM2 WWW.AMAZON.CA, ON",9,19,2010,Entertainment,Expense,7391.02
"Internet Banking INTERNET TRANSFER 000000263993",2,13,2020,Food,Expense,6352.85
"Point of Sale - Visa Debit VISA DEBIT RETAIL PURCHASE H&M ONLINE 123521470714",6,10,2015,Accommodation,Expense,7091.98
"Point of Sale - INTERAC RETAIL PURCHASE 860001001001 7 ELEVEN STORE",1,2,2006,Health,Expense,6443.39
"Point of Sale - Visa Debit VISA DEBIT RETAIL PURCHASE U OF M STUDENTS 114222801307",2,8,2007,Health,Expense,5883.65
"Point of Sale - Visa Debit VISA DEBIT RETAIL PURCHASE U OF M STUDENTS 114222801307",10,19,2019,Health,Expense,5567.94
"Internet Banking E-TRANSFER 103931951354 Nam Huy Bui",2,19,2002,Entertainment,Income,840.65
"Point of Sale - Visa Debit INTL VISA DEB RETAIL PURCHASE INSTACART 122817474064 67.43 CAD @ 1.000000",9,28,2002,Utilities,Income,752.93
"Internet Banking INTERNET TRANSFER 000000276467",10,4,2012,Personal,Expense,8407.08
"Point of Sale - INTERAC RETAIL PURCHASE 000001001391 DOLLARAMA #1286",11,26,2008,Accommodation,Expense,4380.65
"Internet Banking E-TRANSFER 103811946493 Nil",10,4,2001,Utilities,Expense,6576.90
"Internet Banking INTERNET TRANSFER 000000281600",4,18,2014,Personal,Income,782.62
"Point of Sale - INTERAC RETAIL PURCHASE 000001001029 DOLLARAMA # 503",5,7,2016,Accommodation,Expense,1602.81
"LaunchGood Inc. 855-9991947, MI 10.00 USD @ 1.289000",1,1,2010,Personal,Expense,3635.19
"IKEA WINNIPEG #249 BURLINGTON ON",7,9,2014,Personal,Income,9316.36
"Point of Sale - Visa Debit VISA DEBIT RETAIL PURCHASE AMZN Mktp CA 129931113626",9,9,2005,Food,Expense,1869.91
"Point of Sale - Visa Debit VISA DEBIT RETAIL PURCHASE PIZZA PIZZA LTD 125320842485",11,25,2009,Personal,Expense,6962.65
"Point of Sale - Visa Debit VISA DEBIT RETAIL PURCHASE SKIPTHEDISHES 130319154781",3,10,2012,Accommodation,Expense,9843.42
"Internet Banking E-TRANSFER 103782929527 Nil",10,1,2019,Accommodation,Expense,2760.81
"Point of Sale - Visa Debit INTL VISA DEB RETAIL PURCHASE BDS-INFO.CH 120906774319 20.00 USD @ 1.292000",2,26,2005,Food,Expense,7101.74
"UBER CANADA/UBERTRIP TORONTO ON",10,12,2002,Health,Income,204.46
"Internet Banking INTERNET TRANSFER 000000283043",5,9,2004,Health,Expense,3583.81
"Internet Banking INTERNET BILL PAY 000000243009 MASTERCARD, BMO",3,7,2009,Food,Expense,311.49
"Internet Banking INTERNET TRANSFER 000000263993",8,5,2020,Accommodation,Expense,6160.48
"Crocs Canada, Inc. crocs.ca, ON",1,18,2003,Utilities,Income,8739.23
"Point of Sale - Visa Debit VISA DEBIT RETAIL PURCHASE ROGERS *** 115231539541",6,6,2015,Health,Expense,4511.22
"Point of Sale - INTERAC RETAIL PURCHASE 730001001074 7 ELEVEN STORE",1,11,2013,Food,Expense,5369.80
"Point of Sale - Visa Debit VISA DEBIT RETAIL PURCHASE WU *8989078410 100175533173",11,16,2020,Accommodation,Income,8501.18
"Point of Sale - Visa Debit VISA DEBIT RETAIL PURCHASE PAYPAL *RAGHDA 115221381293",4,2,2002,Accommodation,Expense,6168.59
"Point of Sale - INTERAC RETAIL PURCHASE 000001001971 PIZZA PIZZA # 4",2,19,2000,Utilities,Expense,7470.90
"SOUQ.COM CAIRO S. -07E 1199.00 EGP @ .086105",2,20,2002,Health,Expense,3649.33
"Point of Sale - Visa Debit VISA DEBIT RETAIL PURCHASE INSTACART 128319713380",9,18,2010,Accommodation,Expense,3528.03
"Point of Sale - INTERAC RETAIL PURCHASE 121012411104 GREENCREST PHAR",6,3,2013,Utilities,Income,9873.32
"Point of Sale - Visa Debit VISA DEBIT RETAIL PURCHASE SKIPTHEDISHES 128600189632",11,4,2012,Personal,Income,7139.50
"Point of Sale - Visa Debit VISA DEBIT RETAIL PURCHASE SKIPTHEDISHES 116118852327",4,1,2014,Personal,Income,9721.23
"Point of Sale - Visa Debit VISA DEBIT RETAIL PURCHASE APPLE.COM/BILL 115161790291",1,8,2015,Health,Income,9644.78
"Point of Sale - Visa Debit VISA DEBIT RETAIL PURCHASE SKIPTHEDISHES 128704270353",11,28,2019,Health,Expense,9817.71
"MARY BROWNS #8002 WINNIPEG, MB",5,13,2011,Health,Income,356.52
"Point of Sale - Visa Debit VISA DEBIT RETAIL PURCHASE DD 130004874834",11,23,2009,Health,Income,357.83
"Internet Banking INTERNET TRANSFER 000000277819",7,11,2003,Accommodation,Income,1570.15
"AMZN Mktp CA*2G8R57Z62 WWW.AMAZON.CA, ON",10,3,2016,Utilities,Income,673.25
"Point of Sale - Visa Debit VISA DEBIT RETAIL PURCHASE WU *8980740778 125372611826",2,21,2005,Utilities,Expense,2781.79
"Internet Banking INTERNET TRANSFER 000000285648",10,22,2012,Accommodation,Income,4637.54
"Point of Sale - Visa Debit VISA DEBIT RETAIL PURCHASE SKIPTHEDISHES 120220289489",3,26,2014,Health,Expense,7321.64
"ST VITAL VISION CENTRE WINNIPEG MB",5,7,2002,Entertainment,Income,4773.40
"Point of Sale - INTERAC RETAIL PURCHASE 000001001391 DOLLARAMA #1286",6,26,2011,Health,Expense,3087.14
"Point of Sale - Visa Debit VISA DEBIT RETAIL PURCHASE SKIPTHEDISHES 130615291106",1,25,2000,Utilities,Expense,8831.05
"Internet Banking E-TRANSFER 103904096531 Nam Huy Bui",1,6,2005,Entertainment,Income,4348.38
"Point of Sale - INTERAC RETAIL PURCHASE 857001001125 7 ELEVEN STORE",7,12,2002,Health,Income,2503.44
"REQUEST MONEY 010338709427 Floribert Kamabu",3,12,2013,Utilities,Income,9875.43
"7 ELEVEN STORE #32317 WINNIPEG, MB",5,17,2020,Health,Expense,8702.45
"Internet Banking INTERNET TRANSFER 000000235999",11,3,2014,Entertainment,Income,6080.06
"Point of Sale - Visa Debit VISA DEBIT RETAIL PURCHASE dbrand Order 033515540976",2,9,2002,Health,Expense,3728.76
"Point of Sale - INTERAC RETAIL PURCHASE 000001143004 UPS STORE #189",1,18,2015,Utilities,Expense,9738.34
"Point of Sale - Visa Debit VISA DEBIT PURCHASE REVERSAL APPLE.COM/CA 215807003250",7,16,2012,Personal,Expense,2908.49
"Point of Sale - Visa Debit INTL VISA DEB RETAIL PURCHASE BDS-INFO.CH 120906772646 20.00 USD @ 1.292000",10,25,2010,Personal,Income,8108.18
"WWW.IKEA.CA BURLINGTON, ON",2,4,2014,Utilities,Income,1540.67
"Point of Sale - Visa Debit VISA DEBIT MERCHANDISE RET REV INSTACART 119320576697",11,14,2000,Personal,Expense,3243.99
"Point of Sale - Visa Debit VISA DEBIT MERCHANDISE RET REV INSTACART 119320576697",5,1,2003,Entertainment,Income,7808.42
"Point of Sale - Visa Debit VISA DEBIT RETAIL PURCHASE SKIPTHEDISHES 128222143267",2,23,2003,Entertainment,Income,7990.72
"Internet Banking INTERNET TRANSFER 000000280436",7,18,2007,Personal,Income,3632.76
"Point of Sale - Visa Debit VISA DEBIT RETAIL PURCHASE SKIPTHEDISHES 114222113411",5,1,2012,Food,Income,8779.88
"Point of Sale - INTERAC RETAIL PURCHASE 772001001002 7 ELEVEN STORE",4,3,2019,Personal,Expense,6504.22
"Point of Sale - Visa Debit VISA DEBIT RETAIL PURCHASE ROGERS *** 115231539541",5,28,2005,Accommodation,Expense,5729.72
"Point of Sale - INTERAC RETAIL PURCHASE 000001143004 UPS STORE #189",10,9,2009,Food,Income,5270.43
"Internet Banking E-TRANSFER 103851939670 Divagar",8,1,2004,Food,Expense,8236.80
"Point of Sale - Visa Debit INTL VISA DEB RETAIL PURCHASE UBR* PENDING.UB 114720281741 20.39 CAD @ 1.000000",11,22,2011,Food,Expense,4029.02
"Point of Sale - Visa Debit VISA DEBIT RETAIL PURCHASE SKIPTHEDISHES 119300358087",6,7,2017,Accommodation,Expense,913.55
"APPLE.COM/US 800-676-2775, CA 10.00 USD @ 1.342000",9,12,2008,Accommodation,Income,7181.69
"STARBUCKS COFFEE #48192 WINNIPEG, MB",3,17,2004,Personal,Income,2431.22
"Point of Sale - INTERAC RETAIL PURCHASE 000001001326 COINAMATIC CANA",11,27,2013,Personal,Income,2695.54
"SKIPTHEDISHES WINNIPEG MB",2,27,2013,Food,Expense,9949.20
"Internet Banking E-TRANSFER 103935295283 Nil",4,7,2000,Personal,Income,9641.36
"Internet Banking INTERNET TRANSFER 000000226259",3,9,2020,Food,Expense,203.75
"UBR* PENDING.UBER.COM AMSTERDAM, ON",5,5,2007,Utilities,Income,7575.02
"7-ELEVEN 17060 D2811 WINNIPEG MB",9,20,2008,Entertainment,Expense,7437.74
"PAY PER USE OVERDRAFT FEE",3,8,2020,Personal,Income,6556.02
"Point of Sale - Visa Debit INTL VISA DEB RETAIL PURCHASE INSTACART 129013886157 113.55 CAD @ 1.000000",4,21,2009,Food,Expense,2091.86
"Internet Banking INTERNET TRANSFER 000000252936",3,11,2000,Entertainment,Income,1336.63
"Internet Banking INTERNET TRANSFER 000000276467",8,12,2015,Entertainment,Income,6493.48
"MARBLE SLAB CREAMERY WINNIPEG, MB",11,26,2017,Health,Income,9350.55
"Point of Sale - Visa Debit VISA DEBIT RETAIL PURCHASE SKIPTHEDISHES 116118852327",3,23,2013,Food,Expense,2148.24
"Point of Sale - Visa Debit VISA DEBIT RETAIL PURCHASE INSTACART 129013886157",1,5,2002,Health,Income,8515.01
"Point of Sale - INTERAC RETAIL PURCHASE 000001001303 UNICITY TAXI #",9,19,2006,Food,Income,6499.95
"INSTACART 8882467822, NS",9,29,2018,Personal,Income,8284.58
"Point of Sale - Visa Debit VISA DEBIT RETAIL PURCHASE SKIPTHEDISHES 119401577236",2,7,2002,Health,Income,9009.19
"PURCHASE INTEREST",6,25,2003,Personal,Income,2989.92
"Point of Sale - Visa Debit VISA DEBIT RETAIL PURCHASE DD 129904421813",7,3,2003,Health,Expense,2034.90
"Ding 73179606 Dublin",11,9,2017,Utilities,Expense,391.23
"SP * MOFTGLOBAL HTTPSMOFTGLOB, CA 69.15 USD @ 1.260014",4,21,2006,Entertainment,Expense,6558.00
"Internet Banking INTERNET TRANSFER 000000226377",1,27,2011,Personal,Income,5735.94
"Point of Sale - Visa Debit VISA DEBIT RETAIL PURCHASE INSTACART 112601145020",5,23,2003,Personal,Income,1871.06
"Telephone Banking Personal TELEPHONE TRANSFER000000017983",10,4,2002,Food,Expense,6451.91
"Internet Banking INTERNET TRANSFER 000000277819",8,15,2013,Personal,Income,4926.19
"Point of Sale - Visa Debit VISA DEBIT RETAIL PURCHASE APPLE.COM/BILL 115135455508",6,28,2016,Accommodation,Income,8108.50
"Point of Sale - Visa Debit VISA DEBIT RETAIL PURCHASE INSTACART 125122740760",3,12,2019,Personal,Income,7802.74
"Point of Sale - INTERAC RETAIL PURCHASE 000001215012 UPS STORE #189",3,23,2008,Health,Expense,478.74
"Point of Sale - Visa Debit VISA DEBIT RETAIL PURCHASE SKIPTHEDISHES 119523616250",7,15,2015,Accommodation,Expense,242.60
"Point of Sale - Visa Debit VISA DEBIT RETAIL PURCHASE WINNIPEG TRANSI 129710298809",6,7,2020,Personal,Expense,6353.52
"Point of Sale - Visa Debit VISA DEBIT RETAIL PURCHASE SKIPTHEDISHES 128600189632",11,2,2008,Health,Expense,4465.54
"Point of Sale - INTERAC RETAIL PURCHASE 000001001724 LONDON DRUGS 66",8,23,2020,Entertainment,Expense,9347.27
"Point of Sale - Visa Debit VISA DEBIT RETAIL PURCHASE DD 129904406741",6,21,2014,Health,Expense,7193.90
"Point of Sale - Visa Debit VISA DEBIT RETAIL PURCHASE DOORDASH*TIM HO 125122780380",3,25,2011,Utilities,Expense,1545.09
"Point of Sale - Visa Debit VISA DEBIT RETAIL PURCHASE CINEPLEX #8030 121297656970",2,8,2009,Personal,Expense,5575.27
"Point of Sale - Visa Debit VISA DEBIT RETAIL PURCHASE DD 129521971315",5,26,2007,Accommodation,Expense,6145.21
"Internet Banking INTERNET TRANSFER 000000223192",4,19,2014,Health,Expense,3957.41
"Internet Banking INTERNET TRANSFER 000000233795",3,23,2005,Personal,Income,135.73
"Internet Banking INTERNET TRANSFER 000000235999",7,9,2001,Food,Expense,8820.38
"Point of Sale - INTERAC RETAIL PURCHASE 000001001824 GREENWOODS DENT",3,29,2017,Accommodation,Income,7057.27
"ST VITAL VISION CENTRE WINNIPEG MB",1,13,2018,Personal,Expense,647.91
"Point of Sale - INTERAC RETAIL PURCHASE 000001001182 UNICITY TAXI #",6,9,2017,Accommodation,Income,9961.65
"Internet Banking INTERNET TRANSFER 000000246317",2,19,2017,Accommodation,Income,7343.65
"Point of Sale - Visa Debit VISA DEBIT RETAIL PURCHASE SKIPTHEDISHES 125122533908",4,24,2018,Health,Income,584.85
"Point of Sale - Visa Debit VISA DEBIT RETAIL PURCHASE dbrand Order 129220350485",2,8,2001,Utilities,Expense,5120.70
"Point of Sale - Visa Debit VISA DEBIT PURCHASE REVERSAL INSTACART 119320576697",5,19,2015,Utilities,Expense,3443.40
"Point of Sale - INTERAC RETAIL PURCHASE 000001215012 UPS STORE #189",6,20,2000,Personal,Expense,4745.18
"Point of Sale - INTERAC RETAIL PURCHASE 121110785728 GREENCREST PHAR",2,4,2002,Food,Income,2329.16
"SOBEYS #5037 WINNIPEG MB",2,6,2020,Utilities,Expense,3887.55
"AMZ*Duolihui US WWW.AMAZON.CA, ON",7,11,2002,Entertainment,Expense,7394.25
"Point of Sale - Visa Debit VISA DEBIT RETAIL PURCHASE ROGERS *** 129233222773",11,18,2014,Personal,Expense,6972.64
"Point of Sale - Visa Debit VISA DEBIT RETAIL PURCHASE MPI - ONLINE 124410491306",8,27,2004,Health,Expense,2344.50
"Internet Banking INTERNET TRANSFER 000000260110",7,27,2020,Entertainment,Income,3461.25
"SP * MOFTGLOBAL HTTPSMOFTGLOB, CA 69.15 USD @ 1.260014",7,26,2020,Health,Expense,3142.18
"Internet Banking INTERNET TRANSFER 000000277987",1,28,2008,Utilities,Expense,5197.20
"UBER* TRIP TORONTO ON",2,24,2019,Accommodation,Expense,8173.09
"APPLE.COM/BILL TORONTO, ON",3,3,2003,Personal,Income,2293.94
"Point of Sale - Visa Debit VISA DEBIT RETAIL PURCHASE PIZZA PIZZA LTD 125320842485",8,1,2018,Accommodation,Expense,4324.44
"OVERLIMIT FEE ON BAL $ 1437.17",9,27,2018,Entertainment,Expense,6973.16
"Point of Sale - Visa Debit VISA DEBIT RETAIL PURCHASE APPLE.COM/BILL 115562225836",8,30,2020,Health,Expense,9053.16
"Ding 70783768 Dublin",7,22,2015,Entertainment,Expense,7546.83
"Point of Sale - INTERAC RETAIL PURCHASE 000001001182 UNICITY TAXI #",6,9,2001,Personal,Income,1965.42
"Internet Banking E-TRANSFER 103782929527 Nil",6,18,2007,Accommodation,Expense,2300.69
"Point of Sale - Visa Debit VISA DEBIT RETAIL PURCHASE dbrand Order 129220350485",9,12,2001,Entertainment,Expense,6149.00
"Point of Sale - Visa Debit VISA DEBIT RETAIL PURCHASE DOORDASH*TIM HO 125122780380",6,1,2020,Entertainment,Income,4736.32
"Point of Sale - Visa Debit VISA DEBIT PURCHASE REVERSAL APPLE.COM/CA 215807003249",8,26,2009,Health,Income,1548.78
"Point of Sale - Visa Debit VISA DEBIT RETAIL PURCHASE AMZN Mktp CA 120834678151",6,8,2018,Entertainment,Income,5339.74
"Point of Sale - Visa Debit INT VISA DEB PURCHASE REVERSAL UBR* PENDING.UB 114720281741 17.39 CAD @ 1.000000",4,9,2005,Personal,Income,1643.28
"Point of Sale - Visa Debit VISA DEBIT RETAIL PURCHASE APPLE.COM/BILL 110244018102",4,12,2005,Health,Income,8485.74
"Internet Banking INTERNET TRANSFER 000000276467",7,6,2013,Utilities,Expense,1486.16
"DOORDASH*7-ELEVEN DOWNTOWN TORO, ON",3,2,2011,Health,Income,7555.08
"Point of Sale - Visa Debit VISA DEBIT RETAIL PURCHASE DD 129721552614",3,1,2004,Personal,Expense,9736.00
"Point of Sale - Visa Debit VISA DEBIT RETAIL PURCHASE DD 129221927298",11,20,2008,Personal,Expense,2721.86
"Point of Sale - Visa Debit VISA DEBIT RETAIL PURCHASE DD 129221927298",11,25,2000,Personal,Income,6218.54
"DNH*GODADDY.COM EGP 480-505-8855, AZ 933.88 EGP @ .086103",7,18,2009,Personal,Expense,6319.94
"Point of Sale - INTERAC RETAIL PURCHASE 000001130002 GREENWOODS DENT",10,7,2019,Entertainment,Income,7930.03
"Point of Sale - Visa Debit VISA DEBIT RETAIL PURCHASE PAYPAL *ASEELSA 123721541177",3,15,2012,Entertainment,Expense,35.38
"Point of Sale - Visa Debit VISA DEBIT RETAIL PURCHASE AIR CAN* 112571064500",3,27,2006,Personal,Expense,9447.24
"Point of Sale - INTERAC RETAIL PURCHASE 000036006148 PEARLE VISION 5",9,18,2015,Food,Income,3273.25
"Internet Banking E-TRANSFER 103291835592 Nil 2",7,15,2011,Food,Income,1327.50
"Point of Sale - Visa Debit VISA DEBIT RETAIL PURCHASE CINEPLEX #8030 128507513608",1,4,2016,Accommodation,Income,5449.01
"Point of Sale - INTERAC RETAIL PURCHASE 000001001182 UNICITY TAXI #",9,4,2020,Personal,Expense,55.47
"DNH*GODADDY.COM EGP 480-505-8855, AZ 933.88 EGP @ .086103",10,3,2014,Utilities,Expense,3573.51
"Point of Sale - Visa Debit VISA DEBIT RETAIL PURCHASE PAYPAL *ASEELSA 130519882534",1,9,2017,Entertainment,Income,3378.10
"Point of Sale - Visa Debit INTL VISA DEB RETAIL PURCHASE INSTACART 129222472965 28.03 CAD @ 1.000000",6,6,2009,Accommodation,Expense,5973.37
"Point of Sale - INTERAC RETAIL PURCHASE 000001001413 DOLLARAMA #1355",4,17,2012,Personal,Expense,7778.69
"AMZN Mktp CA*SR64P9QY3 WWW.AMAZON.CA, ON",4,14,2015,Health,Expense,7363.68
"Internet Banking E-TRANSFER 103835467191 kijiji controller user",7,5,2017,Health,Expense,2071.28
"AMZN Mktp CA*2L7JZ85B2 WWW.AMAZON.CA, ON",3,15,2005,Personal,Expense,7616.03
"Point of Sale - Visa Debit VISA DEBIT RETAIL PURCHASE PAYPAL *RAGHDA 119618572370",2,17,2010,Personal,Expense,9377.22
"GREENCREST PHARMACY WINNIPEG MB",11,2,2000,Health,Income,4431.78
"UBER* TRIP TORONTO ON",2,11,2016,Accommodation,Expense,1470.77
"Point of Sale - Visa Debit VISA DEBIT RETAIL PURCHASE SKIPTHEDISHES 114222113411",5,28,2011,Utilities,Expense,7009.25
"APPLE.COM/US 800-676-2775, CA 10.00 USD @ 1.342000",5,7,2001,Health,Income,7715.09
"Point of Sale - Visa Debit VISA DEBIT RETAIL PURCHASE PIZZA PIZZA LTD 125320842485",4,12,2019,Health,Expense,3289.35
"Point of Sale - Visa Debit VISA DEBIT MERCHANDISE RET REV INSTACART 119701211405",10,9,2020,Food,Expense,493.69
"Point of Sale - Visa Debit VISA DEBIT RETAIL PURCHASE INSTACART 122817474064",8,13,2014,Health,Income,5993.26
"Point of Sale - Visa Debit VISA DEBIT PURCHASE REVERSAL APPLE.COM/CA 215807003250",11,24,2017,Food,Income,7900.06
"PAYMENT RECEIVED - THANK YOU",1,19,2020,Accommodation,Income,9383.44
"Internet Banking INTERNET TRANSFER 000000274346",10,27,2017,Accommodation,Income,956.47
"OVERLIMIT FEE ON BAL $ 1437.17",1,30,2016,Entertainment,Expense,2402.11
"Internet Banking INTERNET TRANSFER 000000239266",5,3,2000,Food,Income,2066.47
"SOUQ.COM CAIRO S. -07E 1199.00 EGP @ .086105",11,25,2020,Personal,Income,9622.44
"UPS STORE #189 WINNIPEG, MB",11,7,2019,Utilities,Expense,2772.13
"Internet Banking INTERNET TRANSFER 000000274521",6,20,2016,Accommodation,Income,6106.86
"Internet Banking INTERNET TRANSFER 000000287755",1,20,2016,Health,Expense,627.57
"Internet Banking INTERNET TRANSFER 000000288020",7,25,2008,Health,Expense,1605.81
"Point of Sale - Visa Debit INT VISA DEB PURCHASE REVERSAL GOOGLE *GOOGLE T21300778584 1320.48 CAD @ 1.000000",7,22,2012,Utilities,Income,3848.51
"PAYMENT THANK YOU/PAIEMEN T MERCI",3,10,2013,Food,Income,7016.93
"Point of Sale - Visa Debit VISA DEBIT RETAIL PURCHASE ROGERS *** 115231539541",2,2,2002,Entertainment,Expense,7452.63
"Point of Sale - INTERAC RETAIL PURCHASE 000001001302 COINAMATIC CANA",8,26,2004,Food,Income,9913.68
"Point of Sale - Visa Debit VISA DEBIT RETAIL PURCHASE SKIPTHEDISHES 114222113411",1,5,2016,Food,Income,4175.87
"Point of Sale - INTERAC RETAIL PURCHASE 860001001001 7 ELEVEN STORE",7,10,2014,Utilities,Expense,4353.42
"Point of Sale - Visa Debit INTL VISA DEB RETAIL PURCHASE BDS-INFO.CH 120906774319 20.00 USD @ 1.292000",2,8,2000,Accommodation,Income,5922.83
"Ding 70781731 Dublin",9,15,2008,Health,Expense,4106.26
"AMZ*Farmar Direct WWW.AMAZON.CA, ON",9,14,2017,Food,Expense,9643.84
"Point of Sale - Visa Debit VISA DEBIT RETAIL PURCHASE SKIPTHEDISHES 130615291106",6,4,2009,Food,Expense,2635.83
"Internet Banking INTERNET TRANSFER 000000283043",2,14,2006,Health,Income,1584.49
"AWL*PEARSON EDUCATION PRSONCS.COM, NJ 94.99 USD @ 1.250131",9,16,2005,Health,Expense,6034.86
"Point of Sale - INTERAC RETAIL PURCHASE 821001001034 7 ELEVEN STORE",10,20,2009,Utilities,Income,4189.32
"OVERLIMIT FEE",5,23,2004,Accommodation,Income,4751.35
"Point of Sale - Visa Debit INTL VISA DEB RETAIL PURCHASE PIZZA PIZZA LTD T21257248801 30.07 CAD @ 1.000000",3,18,2002,Utilities,Income,2530.34
"Point of Sale - INTERAC RETAIL PURCHASE 000001143004 UPS STORE #189",2,25,2005,Utilities,Expense,5977.15
"PAYMENT PROTECTOR PREMIUM 800-893-2862",8,14,2014,Accommodation,Expense,6916.59
"PAYPAL *GHASSANALNA 4029357733, ON",8,24,2010,Personal,Expense,2221.57
"Point of Sale - Visa Debit VISA DEBIT RETAIL PURCHASE H&M ONLINE 121007465422",11,24,2010,Personal,Income,8242.60
"Point of Sale - Visa Debit VISA DEBIT RETAIL PURCHASE dbrand Order 129220350485",6,3,2012,Utilities,Expense,4843.52
"Internet Banking E-TRANSFER 103933806689 Cs Tutoring",1,22,2020,Personal,Expense,6396.97
"Point of Sale - Visa Debit CORRECTION PAYPAL *ABBYMAR 114420760500",9,12,2015,Utilities,Expense,3673.22
"Internet Banking INTERNET TRANSFER 000000225749",1,10,2013,Accommodation,Income,5296.24
"UOFMANITOBA-BOOKSTORE WINNIPEG, MB",6,12,2016,Accommodation,Expense,2043.65
"Point of Sale - Visa Debit VISA DEBIT RETAIL PURCHASE SKIPTHEDISHES 130319154781",6,19,2001,Utilities,Income,8256.87
"Point of Sale - Visa Debit INTL VISA DEB RETAIL PURCHASE SOUQ 033520005685 568.00 EGP @ 0.085616",10,24,2013,Utilities,Expense,9030.43
"Point of Sale - Visa Debit INTL VISA DEB RETAIL PURCHASE UBR* PENDING.UB 117519296233 12.89 CAD @ 1.000000",3,5,2013,Entertainment,Expense,3166.47
"INSTACART SUBSCRIPTION HALIFAX MID-H, NS",10,27,2005,Entertainment,Expense,341.92
"Internet Banking INTERNET TRANSFER 000000274521",3,22,2019,Health,Income,6805.52
"DOORDASH*MCDONALDS DOWNTOWN TORO, ON",8,14,2000,Personal,Expense,3456.52
"Point of Sale - Visa Debit VISA DEBIT RETAIL PURCHASE DOORDASH*MCDONA 119505373520",9,11,2006,Food,Income,1584.29
"SQ *SHANG HAI 360 Winnipeg, MB",2,4,2020,Entertainment,Expense,553.57
"Point of Sale - INTERAC RETAIL PURCHASE 000001529055 SOBEYS #5037",6,13,2014,Health,Income,354.02
"AMZN Mktp CA*2L84Y3JX0 WWW.AMAZON.CA, ON",9,13,2006,Entertainment,Expense,8115.72
"Point of Sale - Visa Debit VISA DEBIT RETAIL PURCHASE U OF M REGISTRA 123621211044",9,3,2005,Food,Expense,9272.27
"SERVICE CHARGE",3,4,2005,Personal,Income,4922.84
"Point of Sale - Visa Debit VISA DEBIT RETAIL PURCHASE MPI - ONLINE 124410491306",8,12,2005,Personal,Expense,8731.67
"Electronic Funds Transfer CREDIT MEMO CIBC-DISATF",10,27,2012,Accommodation,Income,8596.31
"Point of Sale - INTERAC RETAIL PURCHASE A0HT96SD0000 Five Guys",7,14,2015,Food,Income,6187.06
"Point of Sale - INTERAC RETAIL PURCHASE 000001215012 UPS STORE #189",10,12,2011,Personal,Expense,5781.42
"Point of Sale - Visa Debit VISA DEBIT RETAIL PURCHASE dbrand Order 033515540976",2,14,2014,Utilities,Income,2490.27
"Internet Banking INTERNET TRANSFER 000000233596",8,23,2008,Health,Income,2706.25
"Internet Banking E-TRANSFER 103935295283 Nil",6,24,2017,Personal,Expense,5456.56
"Point of Sale - Visa Debit VISA DEBIT RETAIL PURCHASE H&R BLOCK 122420136933",6,25,2007,Utilities,Income,2994.59
"Point of Sale - INTERAC RETAIL PURCHASE 000001001853 PIZZA PIZZA # 4",11,18,2013,Personal,Expense,6787.81
"Point of Sale - Visa Debit INTL VISA DEB RETAIL PURCHASE UBR* PENDING.UB 114720281741 17.39 CAD @ 1.000000",6,8,2010,Utilities,Income,5309.09
"Internet Banking E-TRANSFER 103800587602 Nil",7,12,2015,Utilities,Expense,2130.16
"Point of Sale - INTERAC RETAIL PURCHASE 772001001002 7 ELEVEN STORE",10,14,2020,Food,Income,230.12
"Point of Sale - Visa Debit VISA DEBIT RETAIL PURCHASE DD 129721552614",9,1,2019,Entertainment,Expense,8360.29
"Point of Sale - Visa Debit VISA DEBIT RETAIL PURCHASE PAYPAL *RAGHDA 121616350114",9,11,2001,Accommodation,Expense,2373.62
"OVERLIMIT FEE ON BAL $ 1361.43",1,21,2003,Utilities,Expense,7368.52
"APPLE.COM/BILL TORONTO, ON",3,22,2016,Accommodation,Income,9820.22
"Point of Sale - Visa Debit INT VISA DEB PURCHASE REVERSAL INSTACART 129013886157 120.00 CAD @ 1.000000",5,13,2017,Personal,Expense,3051.67
"Point of Sale - INTERAC RETAIL PURCHASE 000001001456 LONDON DRUGS 66",11,24,2016,Accommodation,Expense,1994.81
"Internet Banking INTERNET TRANSFER 000000280173",6,2,2007,Entertainment,Expense,7518.90
"Ding 73179606 Dublin",10,8,2003,Utilities,Expense,422.76
"Point of Sale - INTERAC RETAIL PURCHASE 852001001138 7 ELEVEN STORE",7,16,2008,Accommodation,Income,9600.01
"Point of Sale - Visa Debit VISA DEBIT RETAIL PURCHASE INSTACART 120723688008",9,13,2010,Health,Income,4185.00
"Point of Sale - Visa Debit VISA DEBIT RETAIL PURCHASE WINNIPEG TRANSI 129710298809",11,26,2018,Accommodation,Income,1567.44
"Internet Banking INTERNET TRANSFER 000000242922",4,20,2018,Health,Income,6364.20
"Internet Banking E-TRANSFER 103925120118 Cs Tutoring",1,14,2002,Entertainment,Expense,9517.30
"Point of Sale - Visa Debit VISA DEBIT RETAIL PURCHASE SKIPTHEDISHES 128222143267",8,2,2009,Health,Income,1764.46
"Automated Banking Machine ATM WITHDRAWAL FORT RICHMOND SQ 2A12",7,10,2019,Health,Income,4656.83
"AMZN Mktp CA*2R9IA3ZW2 WWW.AMAZON.CA, ON",9,23,2017,Personal,Expense,565.71
"Point of Sale - Visa Debit VISA DEBIT RETAIL PURCHASE WINNIPEG TRANSI 129710298809",11,28,2006,Food,Income,8992.64
"Ding 73866562 Dublin",9,25,2009,Accommodation,Income,4072.68
"Point of Sale - INTERAC RETAIL PURCHASE 297001001049 7-ELEVEN 17060",8,16,2018,Personal,Income,1519.50
"Internet Banking INTERNET BILL PAY 000000242901 MASTERCARD, BMO",10,26,2002,Accommodation,Expense,6144.51
"Point of Sale - Visa Debit VISA DEBIT RETAIL PURCHASE H&R BLOCK 122420136933",6,19,2008,Entertainment,Income,4461.63
"Point of Sale - INTERAC RETAIL PURCHASE 000001001456 LONDON DRUGS 66",8,2,2007,Personal,Income,64.70
"DOORDASH*HSIEH FAMILY DOWNTOWN TOROON",10,7,2002,Health,Income,5904.47
"Internet Banking INTERNET TRANSFER 000000226259",3,28,2020,Entertainment,Income,4341.58
"MARBLE SLAB CREAMERY WINNIPEG, MB",9,5,2019,Utilities,Expense,2371.58
"Internet Banking INTERNET TRANSFER 000000226259",11,22,2016,Personal,Expense,460.41
"Point of Sale - Visa Debit VISA DEBIT RETAIL PURCHASE SKIPTHEDISHES 116118852327",8,27,2008,Food,Income,1732.08
"Point of Sale - Visa Debit VISA DEBIT RETAIL PURCHASE AMZN Mktp CA 116241781183",6,14,2014,Food,Income,2067.57
"Point of Sale - INTERAC RETAIL PURCHASE 000001130002 GREENWOODS DENT",8,19,2015,Personal,Income,1437.70
"Point of Sale - Visa Debit INTL VISA DEB RETAIL PURCHASE INSTACART 122817474064 67.43 CAD @ 1.000000",11,17,2019,Health,Income,2761.07
"Point of Sale - INTERAC RETAIL PURCHASE 121012411104 GREENCREST PHAR",9,29,2005,Utilities,Expense,4263.65
"SP * MOFTGLOBAL HTTPSMOFTGLOB, CA 69.15 USD @ 1.260014",3,28,2005,Personal,Income,2686.08
"LaunchGood Inc. 855-9991947, MI 10.00 USD @ 1.295000",4,16,2016,Health,Expense,2934.17
"INSTACART HALIFAX MID-H, NS",3,26,2014,Accommodation,Expense,6516.56
"Point of Sale - Visa Debit INTL VISA DEB RETAIL PURCHASE INSTACART 128319713380 51.74 CAD @ 1.000000",11,23,2005,Health,Income,8474.68
"Internet Banking INTERNET TRANSFER 000000239148",8,23,2019,Accommodation,Income,9892.15
"Point of Sale - INTERAC RETAIL PURCHASE 000001134001 GREENWOODS DENT",9,29,2009,Food,Expense,7947.88
"Point of Sale - Visa Debit INT VISA DEB PURCHASE REVERSAL APPLE.COM/BILL T21007062033 39.18 CAD @ 1.000000",6,4,2010,Utilities,Income,3455.55
"Internet Banking E-TRANSFER 103922078186 Nam Huy Bui",4,22,2004,Utilities,Expense,9935.39
"Cashback/Remises CR",11,19,2019,Accommodation,Income,38.95
"Point of Sale - Visa Debit INTL VISA DEB RETAIL PURCHASE Patreon* Member 118207718434 27.00 USD @ 1.273704",6,23,2008,Health,Expense,9681.90
"Internet Banking E-TRANSFER 103932819240 Cs Tutoring",5,28,2008,Food,Expense,1915.92
